feature_1,feature_2,feature_3,feature_4,feature_5,feature_6,feature_7,feature_8,feature_9,feature_10,defect
0.10187876413955654,0.9111205013919575,0.8205075042321092,0.7600349018031739,0.04876631881314042,0.8437287927102575,0.43804407590538375,0.34239512329585964,0.5464763610253764,0.09135324272355583,0
0.7566465493523988,0.5824350768882959,0.18659009687316752,0.1882321997690456,0.18424865157267423,0.057002387551933986,0.5877984493716848,0.8403481775885081,0.0174982139873886,0.04900464497127355,0
0.5727702766869458,0.8194956853860523,0.3267388905686336,0.34961439880772216,0.5963464974967759,0.274212889124147,0.02660836607768413,0.7352285181015961,0.6256499129414531,0.5807559990556591,1
0.7416841289918231,0.6752308375620375,0.20588198817832115,0.35248104694335114,0.126110141678625,0.12985701341788103,0.6761957463565392,0.8586001069824982,0.962732583861139,0.6283471175494444,1
0.18410132336095697,0.1056503454489307,0.8128509715367578,0.5787564763599993,0.6182850210137198,0.7814620887547092,0.7032772277324516,0.8344582528560966,0.05621390545987848,0.7475206367465048,1
0.8508527573220954,0.28613504245831434,0.6404472739932529,0.3141620638369721,0.957971066482454,0.03342357243550376,0.579792843832955,0.1665035470495151,0.7122202051771587,0.17589028341866209,0
0.23538326189835757,0.4943708110457581,0.9148349499968781,0.21171437214797084,0.14424002111810352,0.7589768318540306,0.500619532333931,0.9117851123817714,0.14661455715984228,0.6459278930230393,1
0.23287914615181504,0.1567604286516393,0.6834294151572705,0.5936846199087332,0.7548274583623312,0.30946257644618236,0.44797165638218994,0.4054716763304185,0.9840894639665142,0.2922489567393879,1
0.2948172383467669,0.3545482088286074,0.5645940812903215,0.25232274426374524,0.9152899403792739,0.2656855648662635,0.8958157315601947,0.10347506364658465,0.6565627023996523,0.9069855184382437,1
0.16874943839822953,0.968326960099255,0.4528833604155117,0.9457151084410245,0.676820043630047,0.30158686987355154,0.18830252491710642,0.3037350462250994,0.09301740926267499,0.14386796634332977,0
0.10466044034648114,0.42294354374155774,0.7955783762575864,0.1413835542163402,0.13032043317233588,0.6434289495173308,0.19718298196806627,0.0976100381089916,0.16684857820557764,0.9237313958767761,0
0.8214712527761908,0.3540645623550941,0.6558207673273928,0.5372756736680381,0.6771242634825639,0.6826711524627593,0.6287340150599929,0.2661013685373086,0.03900642076281813,0.4555667819901088,1
0.8909738846907038,0.5694972585185759,0.8323910417019079,0.9916243429612281,0.16361620413827627,0.6917776391419823,0.6742935737000246,0.9799554473582784,0.9856007339528003,0.6866786117241295,1
0.24361479198219427,0.798555838130599,0.1070291342110381,0.7806993041716287,0.9101961241446964,0.38283339476843525,0.6306352949830805,0.4301427320968263,0.43776505498812845,0.31037088910812005,0
0.7621296204503246,0.9361765641665052,0.9407508592344611,0.17478128487493383,0.874743649656566,0.7374314414271221,0.25283740069028926,0.06728461292151455,0.26799726688437797,0.9122082367815256,1
0.6331786748957723,0.7210546608978718,0.25715235110909584,0.7193881555748203,0.028121506277923758,0.3753213457730138,0.6267533485423312,0.14609656554132022,0.8230035744469347,0.23503129881191864,0
0.6522811128184463,0.4051971425753297,0.5960435954776472,0.10745055262890812,0.016912799921607324,0.9095644273803012,0.2696300087671828,0.8196770027804591,0.9993503004722002,0.21143125799891116,1
0.2651707411833556,0.6628597876346657,0.9654486346006212,0.9158143481907439,0.5028755200655849,0.7951102825267247,0.13574585309990106,0.9774381842040123,0.9643532340359865,0.16372895787917097,1
0.2994231248031066,0.10015499750676693,0.2717175988981797,0.8159557894152066,0.37831560716525947,0.08839696714675838,0.34222552477890456,0.9813833342412801,0.6296835952592029,0.41616094640615775,0
0.16653851349727,0.9861767972836948,0.8208490092631288,0.2814773024509194,0.07006869572118946,0.05662555737755803,0.12037814950553383,0.5807685836144216,0.9287634212054924,0.4967434280059845,0
0.8429454824561972,0.4458866198598078,0.7085835457678252,0.7318727372865008,0.17396370590333865,0.36121605897581177,0.6373021565380239,0.07069660818436618,0.3615401877629566,0.5347994662811925,1
0.9962244930446387,0.47453356262244073,0.8160567571143236,0.43206728506661773,0.7963907226197089,0.5954148016201084,0.8865954415023983,0.4109425523501099,0.6043044198214789,0.6300186806188274,1
0.4173829418004733,0.14431204368748152,0.09355940691233555,0.0166715505996331,0.8735342642452146,0.23647491223869455,0.21150674928176805,0.7360354004260655,0.32001611308739175,0.5060446924118366,0
0.1625110652974563,0.9597457214619692,0.8515814000172374,0.8637896229650033,0.4067737485720052,0.7623612137071728,0.14387615538978016,0.008619002591780278,0.019972932578028124,0.5866017374045605,0
0.4553949052479408,0.5180153489085197,0.007463140417219405,0.4226866196574257,0.7180681612008608,0.44269370196743585,0.7322192063122223,0.23301896439683478,0.8131420044817255,0.5884312404534523,1
0.21076309942990623,0.23672047585383293,0.628030464569537,0.8299395932124434,0.4156277820291552,0.2583004291275922,0.8670116069106004,0.6692682917508349,0.4480854872830765,0.48790019527930184,1
0.2042564679363964,0.6268026300648439,0.35874251054288864,0.9956451766743493,0.48018351526188785,0.4858856061896132,0.5658517874106719,0.9167560031187467,0.8008180998597503,0.4511300697978414,1
0.718699265972796,0.5862354987807616,0.4923670487012489,0.19231577278435052,0.4639362634548909,0.24581858702257464,0.9148421498516547,0.33540681349634693,0.9522640145333723,0.5330552900947112,1
0.6315443786761603,0.5429404444893278,0.1293806169667009,0.37582121900794097,0.09914611227762393,0.6229540441833817,0.4468741952004389,0.7779849715709368,0.22047048099936983,0.16456605842933492,0
0.4063322309637678,0.9265853832183811,0.7104218150124118,0.41892362479291867,0.5172721697543106,0.08421301117709834,0.9845758963761131,0.6664073046949189,0.2854040684634225,0.5858083942152443,0
0.10948236606899397,0.9658366688075836,0.17478498788336594,0.6480303180552142,0.24545446253893044,0.7175613826485358,0.7768213672402811,0.6734197289114326,0.6144994602551925,0.8924690939520117,1
0.07862671098975804,0.3309147657801952,0.24828747963084596,0.9880139620654216,0.3893897796668735,0.7326126992403987,0.6847251638810046,0.21208123747737773,0.23899768021155132,0.2812845635530341,0
0.4111272782593792,0.2343250656505268,0.019651482746847804,0.8793930568071955,0.9656098313808841,0.34157038703156795,0.33850687942547286,0.007091812774370987,0.680250688330374,0.8254398957486287,0
0.14660830036000316,0.15966634936715074,0.7900832499714378,0.6162907483541447,0.04486055762771701,0.6225469904622817,0.30891772284376606,0.36872515547084594,0.7697314182968802,0.8109351926726106,0
0.40035662683983064,0.9471529360063548,0.40646271795207223,0.7718360352301099,0.48387726456425906,0.897532326522084,0.9077612436501786,0.08741680787108386,0.9364933313102257,0.8255348415204157,1
0.7913107143126669,0.20091133968552244,0.8051192087546649,0.8501327346850368,0.28915033445415095,0.9522600783623237,0.04986014639916425,0.14990925324713966,0.5375811380515143,0.5757924711223097,1
0.6451500833009034,0.016969129315466458,0.9603667746221303,0.04458809273414399,0.14306195272340239,0.01401451752605698,0.5668584332940947,0.9322668839209722,0.6659471660804642,0.8226574684804273,0
0.013281203458580082,0.5420152984797261,0.4595629775055219,0.49896794422079305,0.07221318533518795,0.6844353610693075,0.5032204148586344,0.765148849861264,0.48529063406171535,0.14938163622643208,0
0.648256954077822,0.17238636210516622,0.8723945633548149,0.6131162390692415,0.15720388355695425,0.9623380574812068,0.5183654633353206,0.072898451871655,0.6268329044150672,0.2531989070128102,0
0.8036934518773025,0.8178220735661906,0.9789473558546619,0.5018695310245037,0.45495687972773713,0.7534756054464806,0.13247065634192656,0.5469155137931242,0.5462476001308509,0.08947312281038722,1
0.41798408550691357,0.853284798567202,0.8561536219946603,0.099237664919681,0.09072088274783086,0.2626954770019353,0.8747660625539935,0.12890258507349894,0.7199968026274463,0.10116561961310322,0
0.6231378537478254,0.3560672991191448,0.788913962965867,0.2336904488253636,0.6392018293899598,0.23568253457588495,0.7136602831121538,0.8736780345607488,0.12680179912676004,0.8665956885955035,1
0.5935752544142979,0.12711049086702397,0.427541855359712,0.1608602934850979,0.7003478888665695,0.7588681344179496,0.10579652027279896,0.5061398526946443,0.8146250560259172,0.9361630415509965,0
0.51351786674177,0.950279223611407,0.5356889704560298,0.39419049459990796,0.8482031285528955,0.49298271045808906,0.47190251056452304,0.4903124894098283,0.8467850018697454,0.8319415416880521,1
0.4035199924402112,0.333299859870525,0.4919280240391293,0.572772509737109,0.23833721062799695,0.7939550847155906,0.4864827657324229,0.3340455484199596,0.10682099296399061,0.23884516040360693,0
0.9492811717559837,0.3050996868195266,0.16885928936703531,0.4606727916549932,0.3070877433602487,0.035159250271194153,0.32314521727941725,0.5441086239394686,0.5517123720199669,0.3565589211768887,0
0.44730275625260063,0.9655179182347664,0.3773484772303116,0.258226813259983,0.24346704406676012,0.45776461270413416,0.7595201487169441,0.2059881841884732,0.7092961271407681,0.021149823349416286,0
0.418932977983946,0.7758650652027869,0.3387329557744314,0.5637371014453995,0.2049792328259108,0.7419953911261723,0.05227910326875962,0.8525426448755004,0.19819638642166815,0.8743980317083307,0
0.3525292413005173,0.7226835744744866,0.31922529778618847,0.9059116712346476,0.12663712551837436,0.1785197892725987,0.4930301251588023,0.08193843903814613,0.19598018470176193,0.9437663822120144,0
0.9764896611478872,0.37625932933042194,0.9232860210139356,0.5448246756734317,0.26974246587376705,0.7023987210805986,0.6589018065748572,0.9891253191087334,0.2650472874092833,0.6720595026617354,1
0.052023755029446894,0.11364603869671941,0.003918374951093262,0.9994606810596731,0.8022736971474778,0.7867230147335408,0.5097260752881797,0.30006708290543993,0.15126428446267592,0.28467473884646366,0
0.3759712219291391,0.756310096980294,0.5396617889031524,0.07748362655548269,0.01802900895891224,0.10233217953406315,0.41049871369737934,0.9331929170490183,0.6374024812092216,0.8018258998755151,0
0.46637459450454855,0.3616660831950428,0.10840037271662273,0.875933022186205,0.7831600290279028,0.1681180975977251,0.5122605638762605,0.4873748079212449,0.6250915526865286,0.9461868939912612,0
0.5797714417624796,0.5402172667786186,0.050322932934663944,0.06290747601802393,0.1873467913267889,0.03247077169174828,0.7433528955700124,0.7233303039939631,0.13605623443164294,0.8360789007952809,0
0.15478603484611198,0.3011755869973588,0.248976899161365,0.3723070985730478,0.25466376588996187,0.48895092643845206,0.4074078813546854,0.9865694907793265,0.055926350128225666,0.14218137638735162,0
0.052825893908602484,0.6258411949823758,0.05450927741371958,0.8364397373761233,0.5119386306819278,0.5270076245815337,0.5615945077121942,0.17081370630621073,0.19769030311448754,0.3188173228730047,0
0.5934964158218514,0.21011777594021452,0.11633172713326123,0.9701168864184322,0.021981814809622913,0.8026974053360216,0.7880351495750221,0.297214113845096,0.1356266160073134,0.14562864670542341,0
0.6974316172371925,0.6428065910861737,0.7827456742513867,0.9374811723991047,0.691927363266592,0.15585153655144346,0.24344261676541068,0.8421937308731146,0.20930607583420857,0.07252231695448141,1
0.7032800540422505,0.40252635549014204,0.9200400525459036,0.6502550710936615,0.09041897779166075,0.9478565672536607,0.2585572636402459,0.33721249040628576,0.40226041368354204,0.05122429640431325,0
0.49651542223060485,0.12331849107529225,0.40097032668835175,0.3507097879920843,0.7728400834265033,0.8031705116327311,0.153412882389088,0.3665511873792262,0.3733531610318317,0.15141044393608505,0
0.7984535050511905,0.7072283283354233,0.19038178629703473,0.36672190859379905,0.10580502485651422,0.6282065970930439,0.12137192454861967,0.9859341686249178,0.7806820746878623,0.39023854958399506,1
0.5785639322793544,0.9113418162164088,0.5540992803958261,0.17449848639795518,0.3787033555811593,0.8431448650297454,0.6442130159896179,0.6507243843338003,0.8668214856884892,0.8939730574625047,1
0.9197925717794363,0.0948491932531561,0.5441260019631009,0.7405095212183186,0.7569268451270138,0.6067162019700039,0.16678733518367417,0.7974205539416643,0.7201113335149457,0.08613577154903629,1
0.46380982467437626,0.17397739952180358,0.3374770457129719,0.018081092205685434,0.40032986841075824,0.5498769211562105,0.6195825928270868,0.6634903451287101,0.83629131310246,0.21546290727573003,0
0.12048182243846794,0.8515371718979257,0.1566128148926499,0.9747600813361953,0.842538229398637,0.5008766058895991,0.9814214249220252,0.09737672910800421,0.30306576117510164,0.6382244150406114,1
0.35000686847317874,0.9283725519807918,0.06562608817781757,0.5494118320609646,0.5908662673951145,0.6527281237772241,0.25566622333181444,0.36456642751986446,0.8436805296649776,0.19494276897015983,1
0.826867847173362,0.5626554229027424,0.7621875111940821,0.7136073662634715,0.207511495384879,0.5688127364338729,0.8677231528050924,0.43211623680192934,0.9665907702233167,0.45221510010171806,1
0.14278563666788469,0.38943468007767323,0.9517024063905372,0.31972084933985423,0.8680981598670628,0.8812506816818898,0.35018652433196107,0.08325765805063212,0.7245579091588182,0.311512299013986,0
0.7829236142575724,0.4426548482604331,0.48526674234262157,0.7779094067485368,0.3823633310616279,0.44312734532291453,0.37619046876962214,0.36734051527727996,0.5259465769014594,0.8087994445011507,1
0.36176831192256587,0.5242547205377367,0.6707273254426008,0.269439446303655,0.27752280490239256,0.9334131270234548,0.7235345733310886,0.5771866762233089,0.647720054420612,0.029299443103418366,0
0.6181029655616969,0.5095088732242019,0.5457496797794357,0.3594238268308171,0.08147389771294189,0.19333923361205219,0.9507447132126717,0.40869956227093396,0.46668315583086417,0.05270978985343899,0
0.03756622954398059,0.7171814470467577,0.5380946641211113,0.5087059842162667,0.24312453042266868,0.7447507316299222,0.16823657910849188,0.18993474366102003,0.46071217134827547,0.2862798621119409,0
0.24746298123314636,0.6452376445533317,0.6509717452185445,0.8245170697999292,0.41770856697297587,0.07308509102615024,0.2736663849214577,0.9800054631968169,0.5962585752327021,0.7097370848010203,1
0.007357829625414536,0.5182057321825209,0.03752865753180312,0.569230212091448,0.9207708496360754,0.9684191305004078,0.5405526753889242,0.45820480525221596,0.945017094248494,0.6736098319966951,1
0.06489927953840946,0.46572557766749756,0.2402450184643039,0.46980432144868156,0.45546557200636173,0.582144802814742,0.35677049034925123,0.16427044945592806,0.5037194345899563,0.8302028843457621,0
0.6640122280676023,0.33836786592521584,0.9355230227588572,0.9122075712491822,0.20934839938409877,0.039417585120362975,0.7413087083507622,0.8276102613491533,0.9678645659513553,0.8898363940883107,1
0.6005347682064148,0.5300523392123808,0.02784105126258629,0.24665644684477783,0.45961475173292643,0.6285039000835678,0.5572518333184107,0.7426359896816905,0.27976693088704085,0.5649526076524732,0
0.08814224339079213,0.41366552358320696,0.750160832954601,0.693400853429044,0.990642737172179,0.277891125987756,0.49818929917397914,0.3295304137739967,0.44060311405917474,0.8569501298693881,1
0.6842090751884866,0.8824411913475817,0.20351110833188646,0.873361117841438,0.05976227417838442,0.8885992804371524,0.3290737794607279,0.3145876334140665,0.5120885766986639,0.9406901877232318,1
0.04778136468140537,0.3522309750707453,0.8565719886833357,0.39605447743546673,0.199156897597067,0.4247941813314118,0.3855525014916693,0.9154162014667034,0.7619343757430971,0.5051155557440064,1
0.9883705667215711,0.4652775312759233,0.05823783082027523,0.2622743218149849,0.4360704802193126,0.1569026241461201,0.947565126324043,0.7668488978177731,0.26828720042777265,0.5908045335179158,1
0.721449157109572,0.941278928906798,0.8816353491754106,0.5151922261382137,0.7746526197930176,0.562144753827585,0.5527038900455401,0.1147419583381919,0.12613765801615207,0.5295336150224574,1
0.2688615449790066,0.02103690246046863,0.7228392039002123,0.03248659669016496,0.5952768411040545,0.5391937941273144,0.9688146905778044,0.48421313934764165,0.06360143637779736,0.5516879678064617,0
0.8410961706161014,0.9968492842814399,0.4303431736890725,0.3202987424967425,0.9066532969519989,0.19124212907612137,0.6154289150329266,0.4057144241809477,0.041082364955555284,0.34728847430569776,1
0.2652285225026746,0.6860911539434869,0.9487904976919181,0.26804718737863775,0.8114659391516817,0.05535981693840952,0.5381210100398132,0.07055006370989458,0.9340329911306393,0.7663512805573902,0
0.6579499112045923,0.8238963816246643,0.6475197955701631,0.9689443971742911,0.7139579478647715,0.9246586095822468,0.517131892010638,0.11706441298186265,0.5281777214230171,0.1268728280630933,0
0.592493479176405,0.48249306052766294,0.6225753978327817,0.010046981054831594,0.1948404916553641,0.4913304319121309,0.9505035615891348,0.3836090403551584,0.42437202605363467,0.7146960890066222,1
0.603792757286118,0.29892615009833323,0.4108163955674278,0.21769979885723245,0.9660214591302085,0.13063438155735974,0.37183678456641944,0.02583897222001119,0.2217794919335464,0.7804711383801549,0
0.20117523228887946,0.0800634025289656,0.4744531798445233,0.009969234734518495,0.08476615442633317,0.8076258695629751,0.7714733448596064,0.915138820404896,0.8545154359107495,0.6831755632398181,1
0.05233285730066284,0.7828486179866575,0.8455108108405605,0.7990821457719545,0.5084790353080261,0.23290183864948166,0.8453299756887267,0.7271628097401385,0.9807611743888516,0.15569259775593292,1
0.22566458305205506,0.2117981498815027,0.7925397676213367,0.18690729645011817,0.0666598298233061,0.9985608065856286,0.024817211445149145,0.8352440601588657,0.3653668415506528,0.8416154597578153,0
0.554620491211145,0.9016312294863601,0.9261929864146267,0.009098181280775997,0.07541217599278827,0.2503587295708555,0.6693154163635017,0.888272196511506,0.45994195129396276,0.6069731162742654,1
0.18849985279556114,0.8049668338816853,0.9673281113534697,0.26859893291459747,0.4948259516005463,0.0861161105063738,0.5591366564629684,0.5027834418466806,0.1444364841550776,0.44206621311807504,0
0.33410465208656326,0.5218308753051893,0.5856543354287992,0.008495578607209509,0.7610059829495553,0.7130142918617408,0.3662863862065222,0.05293593556881826,0.7549325397850504,0.9551751604781324,0
0.2401515960220142,0.3235246137370379,0.18381288948181496,0.5769361233448397,0.15484139464745494,0.35619394346137945,0.697013013934263,0.5601159830093484,0.38646256432793524,0.4202496018075419,0
0.5621108826232295,0.005864727887161303,0.07850986845360985,0.8812580677630116,0.07787898909129076,0.7068035962105051,0.9200381641090526,0.2706836043017311,0.37049143705951426,0.5689214058447163,1
0.8817089696385847,0.9419055872604202,0.7395632481112681,0.08661976085469403,0.6691541555348508,0.41030372187266206,0.4707009994910616,0.04914839034517704,0.19106213934635818,0.7905136075336477,0
0.4539588330478598,0.30166224163114885,0.38401907396495816,0.8543995133256802,0.7489990174049569,0.2723153971810828,0.11750184021237331,0.2519982216440717,0.9207564510547337,0.5815888378497553,0
0.5334802087447829,0.5963935996924615,0.36602826574651526,0.8071070203195128,0.5232862493002498,0.11674790276879554,0.12906512482906296,0.5368591465026183,0.9365702180708392,0.30835212167619874,1
0.8695411688592183,0.7640955865788793,0.24781244290690685,0.036340748316242455,0.10184726514238274,0.7284939338474402,0.1996697380406467,0.3712709205053938,0.5016991660064248,0.7254681684501628,0
0.11323122325912538,0.4063664052774615,0.4850729091426954,0.5408270639715397,0.8183606413952167,0.1716781950432169,0.8078314518266223,0.6928784276966522,0.5558708141989593,0.6995278704025719,1
0.4120177389516564,0.13839758596812457,0.6657652402653673,0.5246723066856223,0.6393748005427755,0.33799878102849,0.9068665773398359,0.5873698685755769,0.08540248429087383,0.44980399070442867,0
0.7563560547436343,0.7941345617322724,0.49459705276375876,0.8947475708313011,0.26766843719429756,0.4105986972382666,0.8985969105689701,0.8962567164715789,0.6857127688246809,0.8589805471222202,1
0.08877326695623267,0.8649949762077763,0.32061990655022676,0.17833151242821632,0.23936983634204634,0.4179685080138871,0.2511920046044672,0.32056758601649904,0.1349784860716421,0.2961767655589985,0
0.5722838145420012,0.44185370809106395,0.34671876123591117,0.746452128857114,0.8935099713933179,0.756789222902397,0.3320007021176792,0.7444421678375537,0.1519801824740512,0.13031798809129091,0
0.34562703703615894,0.807702369044057,0.24634824724230187,0.06325340889867959,0.1317095352063551,0.8587449685295802,0.6337832847472876,0.25320116336997667,0.5552958253281813,0.5275796224253504,0
0.6554359784406613,0.23318755442161632,0.8644029871943977,0.30936856208001284,0.6941316539762369,0.01612464637221489,0.37265712989414723,0.3517098179588083,0.5434844285830145,0.0727362617771965,1
0.7901313737261083,0.21778080176756853,0.6770378148820102,0.8032121232440932,0.5618769562415131,0.7408832067219855,0.6618603122150055,0.3555297971520076,0.8088585390335653,0.294701369885528,1
0.5712129177515172,0.7453977391415395,0.3789559098125076,0.30276760761742505,0.4593460101728227,0.8179634943491536,0.9299217631456648,0.5450834128598901,0.6614662053236519,0.9032736222389142,1
0.0985468514129424,0.23207857786616504,0.7089000062515824,0.8237444619122997,0.8570290283305779,0.4151071768549326,0.08933990229186684,0.4377814772996199,0.23073459020705378,0.29119645499662417,0
0.7722675568375058,0.07552708602588687,0.8275812174807021,0.42766908582416907,0.5960639311005951,0.089652231235679,0.33735907835727963,0.08970091901484578,0.9615437228811096,0.8072616493262504,1
0.4596327543564602,0.2236025483236711,0.9334551052498522,0.34459659572697177,0.16098443168737475,0.5631643884539549,0.9437741203448161,0.003830290500322575,0.23812484325399874,0.9384476404104076,0
0.17108596685716204,0.11324345163981986,0.5701872157998045,0.8618438232948299,0.47710981769392613,0.9945642566845248,0.6791716995379928,0.07407490721044774,0.9928321316819754,0.40789423678019043,1
0.28740253384548253,0.5578791835778856,0.3043075918208643,0.08645750712015232,0.0014283430791767193,0.4495833529202623,0.8368634222265923,0.5723151856300766,0.9992072989434408,0.28684664564719997,0
0.28045506476005533,0.1597494602339442,0.16406358826533518,0.2851865960100478,0.7928400452735271,0.9057567906364479,0.9750871697076813,0.23228965409645264,0.8812975456140917,0.32825508927733704,1
0.11284054451688441,0.8700249255201656,0.6361056346436186,0.16473089608106173,0.42983125751300255,0.28725769487706765,0.736794568710197,0.45341623062426806,0.989279945106385,0.05474498225959512,0
0.3550152661362467,0.4819001671099774,0.5031335547483198,0.3159358223856368,0.729240249097568,0.8747470734889747,0.938719301977863,0.8050933767995262,0.8505801973065994,0.5505453006199955,1
0.8258882264268146,0.3035039091479522,0.3984787621092144,0.3169130138185443,0.46738733544792543,0.28557961623863637,0.9616114422544468,0.31284462800566815,0.09804453811093983,0.5268171660504134,0
0.057099078445176366,0.11054316630858052,0.2193893891962463,0.4643502498821417,0.4332509323090279,0.7996918620027912,0.7394746538841134,0.4263182939907013,0.3337042075756299,0.3164687840614986,0
0.773995087294009,0.05207240622126974,0.012821649510605826,0.795544391926648,0.4771463759890493,0.13088113855357597,0.23556593459450126,0.9325039530973825,0.859502975624898,0.7097850502239725,1
0.48222523033732656,0.5203236261913857,0.9752445352839586,0.9657704438842871,0.21526904578583428,0.8111045663053181,0.1972426661670168,0.2135374778839514,0.6760930341645768,0.4050010985875484,1
0.9315444071065202,0.08900973489600883,0.511525640809493,0.9185215304431212,0.9041136604795051,0.15652921341574122,0.36663770009645646,0.6191214000466962,0.15939488477140218,0.9680221720457387,1
0.9147493287276603,0.16695017903446918,0.12115546126098542,0.0854084828082653,0.9094436640366311,0.1936238097954608,0.4162849285443547,0.448851365652003,0.5990110442135675,0.07173534374742496,0
0.22675861740051595,0.931490386918926,0.9084101072685695,0.7812906474056922,0.019401245618215435,0.3270067684961021,0.6279587353429078,0.2751902117734757,0.9095866950537773,0.6338894618324419,1
0.0719067173164456,0.909005588835703,0.9577666581762225,0.07771241839172549,0.5323602348613149,0.30336428221417044,0.39283907648140237,0.1796512179553419,0.5780721020124125,0.9579793532488906,1
0.503072600271609,0.08291458139448116,0.6200013334774084,0.34022299445125703,0.8559251895912978,0.4346781483164702,0.1928396089422456,0.19110562269114495,0.7687641807211604,0.2655875983073599,0
0.767233394159223,0.20588731076659939,0.3216863687013094,0.4654869724396994,0.9431958496934507,0.9317314247538246,0.2068718754222878,0.3582190412430728,0.14939938845377232,0.5099850793134971,1
0.4605825506946666,0.9007601624507324,0.9300053777910726,0.3835673910072921,0.49173794301898943,0.8962362491461331,0.8067078077450615,0.0036563113446492768,0.3200595641835825,0.4217742419361259,1
0.22971628368323171,0.19957161589593875,0.03778450659567967,0.6433697250697605,0.26251029048316565,0.05234717843131309,0.23097931052806364,0.8019139528361265,0.8514891816465466,0.48306624519330266,0
0.41607067040868617,0.9778536935017818,0.2005646595880699,0.21535928285460848,0.29186717703639975,0.1727573182810873,0.3793655982041866,0.9108342269897538,0.6153478406285743,0.41194654861226365,0
0.9344107945712148,0.04846423247582232,0.21027617790186137,0.565888605101759,0.6155526231931792,0.03955750656261314,0.4030387579071322,0.6491539648308727,0.6980705464034016,0.6381399025162693,1
0.32056322436092455,0.09352012359790951,0.4271124464193341,0.12875443736805547,0.9476236585206671,0.47517086602262826,0.31725917435686757,0.7663040711189001,0.49794859258226387,0.31003402401245006,0
0.8119677423908017,0.867152151001122,0.673008166288677,0.046964422407667294,0.5663228801665321,0.7632949119972816,0.13650301208358218,0.22867075138460335,0.8824951050681364,0.020121721853074037,0
0.752727137825976,0.4737732925144229,0.44677215883960686,0.0070965324948871755,0.8193982309664928,0.35982490063656647,0.5407656313005429,0.6773006863356594,0.7026295764379158,0.9559800588260723,1
0.5313399532366091,0.3997195509744276,0.9537036264917079,0.6421102350255211,0.2981503562765556,0.12646424540357115,0.8425545014651813,0.36218160279415157,0.6604697213644312,0.47081641936589813,1
0.19892977979503834,0.6016866086204651,0.06068306895068232,0.4133424598711922,0.546614939663671,0.43604697411857907,0.7486721752509908,0.8279249545453125,0.771243074033178,0.03881294781180211,0
0.1941287704459722,0.5366075092637743,0.9348220404438012,0.8349567750521169,0.8425345083518017,0.3032081937596749,0.42944789707870257,0.4707059473159374,0.15737158334991042,0.031068130244456316,0
0.9469028994605169,0.24071258566350673,0.2399489037236313,0.08337905376875954,0.9285077519437785,0.579737114939772,0.6670368571253539,0.9115768872630525,0.3456201689007895,0.6215073111380841,1
0.03879945472888746,0.18677252823112933,0.8312458050899425,0.7667683563383357,0.3506426914571469,0.3768106277742125,0.5335544335535795,0.0002410046851345493,0.24124433603802786,0.20823180860821444,0
0.25048294674976346,0.8059058425334413,0.27967385654644317,0.19152132205014816,0.5042634607930315,0.8656450363727319,0.24134970383749987,0.0785362427927987,0.3564047358496647,0.7476518245649778,0
0.5506905446947946,0.8167933695743474,0.959592147609234,0.792662476751617,0.6038030788437534,0.4933415880523805,0.04006908634826667,0.9843219788140413,0.3834811225750425,0.1522282139168668,1
0.6667088553964567,0.28428828909545933,0.5857782709310476,0.5867679078445912,0.44572982090286917,0.8361186155450426,0.26496706155544303,0.44863259161773417,0.5376921285909715,0.6636247207672996,1
0.7839718505055895,0.39480728287825606,0.646046944096596,0.15061095306851913,0.9326481005424786,0.38305880642100354,0.7295214219764384,0.020341081882177647,0.205187142904807,0.487082544323578,0
0.8782524677323466,0.5272551499506771,0.929870482293879,0.48379689658279634,0.49044909673594994,0.11974678850053189,0.8026562441522198,0.2469654124670625,0.8996124893723151,0.9108242203303961,1
0.9433101118741497,0.52023048910309,0.6770937847836443,0.7785158800616635,0.1310146186504656,0.6009571949974972,0.03429790130331167,0.4975660833887259,0.1548426816202274,0.1829229259620847,0
0.3650475666926015,0.432437166716503,0.6231724245321872,0.07442841843851566,0.5036917612374446,0.18262513025310112,0.5739751750317419,0.6374046122611835,0.5567092565528539,0.7382955104783077,0
0.3356092442409013,0.7651065916331309,0.43276708170819367,0.4841844983225968,0.6481021272610714,0.01835838399922396,0.6539942214202483,0.6185851490721154,0.3098471167532799,0.08579428489948948,0
0.09093544991304114,0.9232237469852286,0.6892793212258371,0.1271026137707404,0.35672316930890635,0.5924829939015964,0.8355717050906487,0.04366092871300853,0.23663313147000886,0.88974899029538,0
0.009165550183816484,0.2013991027938874,0.959024175972966,0.6134018465221711,0.26167136663750645,0.0669910943958476,0.028191340447222157,0.24474507963692727,0.8814858195889105,0.4159136542975095,0
0.720333369165993,0.9182850353799578,0.4080404616028166,0.19127737103739706,0.5171179308569195,0.9080836870598544,0.8043744141377006,0.06582984336315378,0.6925728000775818,0.5718975224589538,1
0.9074631763464255,0.12248141685029723,0.5340361132046566,0.8794626935118923,0.410023786741743,0.48199491773286707,0.0704606776669583,0.2781436404489108,0.32450664916894734,0.9451224487448869,0
0.28266736054115904,0.460868735269652,0.6713044235642798,0.1621833724078774,0.4864423871418745,0.7385390394759076,0.866855213027066,0.6262592746624267,0.6690535153169479,0.12628347258456896,1
0.9457764972463472,0.13257407748448236,0.7746729371817983,0.2648163217783188,0.9335931437012516,0.7199595393694795,0.753813712978369,0.21905917305988332,0.4430399766351608,0.6178131945892864,1
0.7699736182066009,0.10395937591238957,0.9623653164545284,0.890220670554556,0.27034859049558435,0.822760243032332,0.5183239230398234,0.46180648156201864,0.3144341058114054,0.5809685866315925,1
0.7298891177035978,0.41093290496275825,0.6292191930082921,0.6993129211553037,0.7111218170152859,0.05196609813118025,0.8597478056850669,0.45825331476504794,0.26241608169621444,0.2417645074796816,0
0.48301411284395046,0.8868315394689592,0.3783475816826469,0.7497257467835433,0.0968187309872186,0.4760567021510618,0.9916861403927356,0.770437802792337,0.210528488440613,0.5014414736979107,0
0.23362476364856655,0.40956092726250926,0.7800840237349648,0.7712248152904037,0.22810037790238513,0.9222233181548601,0.5925681827648268,0.3799242909620145,0.5019355807808606,0.6050712534377437,1
0.5598905318457854,0.4864050355361782,0.5049328040894001,0.17641191042788618,0.8127329043046794,0.5417603199410154,0.1310798617047031,0.7661571015827779,0.9324439783773508,0.9473068992369621,1
0.36901773241117275,0.13551687356075404,0.5183996266330652,0.11260922934922069,0.9339874185126172,0.183579627355146,0.2527658599511641,0.40663652688497043,0.3831644685591258,0.794662892397889,0
0.45631682055096234,0.1707682600033369,0.2672098954860741,0.509113385187522,0.1474539174261349,0.6116556756460141,0.5657473065511459,0.7147023163822577,0.9377046153793677,0.9122545611011557,1
0.9460756180688313,0.24471559702370094,0.13156530663935462,0.3022767004964485,0.8950851727663146,0.9720534746234882,0.859324951070476,0.1100177211275436,0.9474279980597932,0.423358027350786,1
0.009310290762353679,0.4423937407481936,0.04606916967546759,0.5438779211611176,0.3385540274370513,0.47343493359404876,0.613170360743117,0.8688010958178203,0.6619015764719286,0.4340488684781807,1
0.8194278536703651,0.9055821375731322,0.11975996643219722,0.5319329775527915,0.28451195974244414,0.0470611978769474,0.6685466951139853,0.8627707774592256,0.16290265447739405,0.8124136576239005,1
0.8533957335369416,0.9143404426664835,0.2652850890860524,0.9039530651898893,0.32066275473643224,0.5523380134555028,0.05050747083228213,0.043881088368743604,0.7203732127322029,0.44447997797779104,1
0.25629237536921756,0.1904134960249102,0.6699534908592181,0.00040154402533987277,0.8058911691968542,0.07924960612992882,0.19148961490811944,0.3862363952990896,0.4848587397161036,0.35499511581394183,0
0.3207121649842939,0.9639160120731884,0.6415796812433943,0.02343295536738821,0.4301759084443132,0.8750086997439702,0.30145618641066796,0.09455634477438823,0.7583847715899178,0.6060138319360813,0
0.5703125078265039,0.053576559607407925,0.14049900979551733,0.6225493962131138,0.2078238414588358,0.5040700797484243,0.5448816860293935,0.2835071902709394,0.9484251555414929,0.8424641068355752,0
0.7223735076327985,0.07799386640940908,0.10613001930901944,0.4927813458649557,0.16071334919098568,0.9782654635294741,0.15852023402740945,0.487467835463974,0.3641210568415054,0.639386421454098,0
0.12903640888942491,0.4303164280423909,0.27470503280714365,0.887751524671688,0.040585712134695084,0.9137274940064593,0.8329941385530004,0.29757071644081545,0.7892906546771047,0.03121356033874756,0
0.9668655502933936,0.5265949425897893,0.30328102606544527,0.3625832125946771,0.06640535346049736,0.9893495140420392,0.03929194515069245,0.654907123147859,0.4427359277064583,0.9489162181887151,1
0.24599974030679517,0.5320868239380113,0.48235620858275297,0.7028664440501013,0.06801023195242051,0.19378913002335485,0.21456482009284983,0.7381507548416897,0.18913869632674007,0.5734917638909767,0
0.2152438205009537,0.8616249500839784,0.9421854544896385,0.5184929749422404,0.3523088842091783,0.23405777501749914,0.049781001523043766,0.2685000761974954,0.6542357799453179,0.5336169313092108,1
0.9440412782809274,0.3962772624917006,0.6938633423283945,0.4893227474751214,0.5125762159242117,0.2677743146041175,0.4549507768419997,0.47078499701270726,0.7066425217489339,0.9406399991861139,1
0.3293212774825043,0.042200468581298445,0.4962951255006397,0.5444613321491686,0.16844055113191525,0.7604646062760667,0.9849291084414916,0.9457747170084609,0.19710603882365219,0.8753632399007607,1
0.7044936364116847,0.4538465638069116,0.540610994324729,0.8496001749824581,0.48013493963837317,0.37320736910512686,0.4932474930259858,0.5791298040350491,0.18907765377834884,0.9009077302669907,0
0.6741869488296138,0.6332689173374889,0.09949622618063814,0.6041739381725918,0.12096066223849233,0.07869767519539905,0.5273108956423933,0.402785534046495,0.5888102701562232,0.0892221680572386,0
0.4309830628472584,0.17478671504515797,0.9871000859241166,0.5611502124351744,0.6874368609408673,0.3254182806826078,0.09473891477934415,0.9758708627835366,0.2862590353831832,0.4238081851735742,1
0.649863921702575,0.024697297686111286,0.8102591305172869,0.5365781900286203,0.27821718706882215,0.06160798529246925,0.16249841547444144,0.8950338588534369,0.686024223935891,0.24990172163688984,0
0.06560076494502953,0.6906153123866363,0.5724077259677651,0.404519524458235,0.36361144919006383,0.2168142759291083,0.6696112565375176,0.9706680277938705,0.17571524583682585,0.5971166200155034,1
0.4241850557459762,0.4466887217446649,0.2541472801278144,0.8251348756614191,0.4852556041472411,0.5434058521982641,0.30476091279732576,0.18180846566694975,0.08591038820282049,0.7141191409249159,0
0.19623428168785562,0.6900753541887977,0.3903764460469539,0.41577480098965147,0.4691774960927717,0.3677085081275432,0.10061997722259008,0.3096318100028458,0.6637343606939384,0.665784401468871,0
0.28622430723999437,0.46010262655768797,0.19344722801193748,0.21037208152983577,0.023047088406607408,0.8967465499077446,0.2107066650749062,0.22753387693646332,0.2796014326451318,0.127408071695429,0
0.6392628831813628,0.07514295317758657,0.13420242632635027,0.6447567265900929,0.33966062048144274,0.707947826701189,0.557424744670142,0.25602117306151306,0.6508279504893281,0.11627368029288065,0
0.5364103830800304,0.43714810504503465,0.2678735828174408,0.6040049977395001,0.8713335923402825,0.9989046997630767,0.6077627687434245,0.40470587432917016,0.2252071002162016,0.25709608939511175,1
0.4794549781497657,0.36727770128070925,0.9138145226249442,0.36829546765570953,0.3734445911454355,0.38353451243397696,0.8366202103676581,0.6507883208469019,0.6141688503188927,0.3341430223838622,1
0.8179041768324394,0.038363861355701134,0.8707971723381132,0.5127498997939296,0.3982502348634128,0.4971672807176857,0.6674155305338311,0.01276542651789736,0.8715518564582477,0.4467395253113928,1
0.3429665197000782,0.1382455656340571,0.43946537435844213,0.49632277128437885,0.4036466944934778,0.6786600938268971,0.420896528759226,0.9614175778465733,0.5992775178235918,0.807477935651909,1
0.10935590310947885,0.3972912929459057,0.3368477014471527,0.5694823881365918,0.8611135200614256,0.07833821776200667,0.07257479804471079,0.8503177081575989,0.21285008603835742,0.6687532544498137,0
0.5428781323608052,0.8328935948872295,0.12508890983640353,0.12978296572261128,0.5568183602783076,0.9463786533583709,0.41499775837075425,0.32694210025469495,0.6066893231978858,0.9304486005450311,0
0.8369278328446237,0.9954836107332199,0.02256858320237709,0.11285814471276223,0.609467763366622,0.8205764393338497,0.28524434230676654,0.23921108803421876,0.7869757993812009,0.05638185385323158,0
0.3693826475825851,0.5058092225923297,0.5603486743503234,0.7286151567927769,0.35484572343065823,0.6126843446746072,0.5853754227909563,0.5476161006537471,0.6404832931422122,0.2594491710680763,1
0.08464875358462898,0.11927167203974343,0.22458238265390107,0.5001979355227852,0.8404427505460201,0.7012933420883841,0.7890406042020471,0.3509756239260914,0.40465374164855017,0.3936818859906128,0
0.19187318440450152,0.06121665814357202,0.5909160928272268,0.9892166834205861,0.16682970495026284,0.046684819899273755,0.779531681823933,0.2525860066847242,0.8296438053529284,0.7039366670345154,0
0.9456735370508046,0.408927235756672,0.6619698394506341,0.4648547808132707,0.6305886973085435,0.44959890600773733,0.18863224642407483,0.5078974160033809,0.5285842014374423,0.8106038482601611,0
0.7355207057935812,0.6637916239414441,0.11338709555257254,0.720616290663715,0.5003051563545148,0.8940995361061592,0.9198709341305428,0.05515659060178546,0.8206415603544788,0.03769739042267062,1
0.36716962569502265,0.5422999756210791,0.14810079862712744,0.7463138125690768,0.008354704172138572,0.16859904843403684,0.5807968298534757,0.7143875620372924,0.9166431026939161,0.7054966519346239,1
0.671779270254866,0.3943411463506643,0.0012844255268014138,0.12015925873562194,0.5345545447560391,0.6751298858444197,0.4174482838964625,0.7306790115283902,0.5218622953321788,0.07417619559431221,0
0.19201625096794883,0.8399982232439429,0.7249127466244395,0.894761987012495,0.11755724912093657,0.9902225346150739,0.2094067139499336,0.01177987628664201,0.9974229390535542,0.28107388544511314,1
0.6680194525125599,0.1766823141763052,0.5802285321991417,0.9040349864545593,0.3201811674284386,0.6702539760443592,0.1879035887984165,0.6247953987187252,0.33645035181751015,0.21120825858795167,0
0.31318205070363514,0.17884106850779935,0.9019161078378828,0.39718688631712884,0.24527930497436734,0.4484078410159329,0.32053616680649555,0.744419253813326,0.9712199118854944,0.4380336566976468,1
0.8610333999722404,0.5658630735596195,0.15723566509423348,0.6906227420813416,0.5134344971258201,0.6506065232521034,0.889687412571665,0.4404345706560461,0.9011776232173556,0.7506690142816549,1
0.48860492587798476,0.6032221356579637,0.32558113251901144,0.9835972997387742,0.667351163050396,0.043846852496629896,0.32662190574800876,0.6233144337590575,0.0563332777992398,0.023884191319142767,0
0.45002423952780257,0.33269017969267,0.4382986080331659,0.26269330988000517,0.1647177469429809,0.6891433569803377,0.5145711162678005,0.20015421124936683,0.3195894262599983,0.5918079076633259,0
0.07222934827247784,0.14745300926617955,0.07324560410739012,0.8123173327141189,0.7524092332120093,0.7533129318792571,0.716325343476028,0.6693854236698692,0.476991915378175,0.642278163507115,1
0.03836155478797465,0.6214644226567846,0.7778777055368772,0.5003583603843902,0.35751332842723693,0.2774267348009791,0.6428020501620825,0.6928011986299087,0.8709675998625426,0.34233408246099073,1
0.7697723073855856,0.5613558241893379,0.8828364906780791,0.5278121082956208,0.5176298283979672,0.5778770814409091,0.7493153551424344,0.9646904788284609,0.07356335421576565,0.05343460239101716,1
0.9375503374073385,0.5298756255182061,0.6149030145669361,0.48242360159472886,0.09365745260747449,0.7680893784186665,0.7472246450885869,0.311703321492812,0.3062392452284004,0.8378413809055185,0
0.07235725774132662,0.8811051483565658,0.2566616898959144,0.5929847477554939,0.9359941790017777,0.6781225015366464,0.4144298124670366,0.6895342089054152,0.3439796363163702,0.27725841634918613,1
0.9966832779346797,0.7507902311797877,0.6447199773818176,0.3552896432193188,0.04916082915504816,0.03105687603515561,0.5541812554487988,0.7620327210390511,0.5373791904438551,0.8407850719391146,1
0.03342653309322163,0.3667520764259401,0.23707039117417805,0.44727296815712203,0.07237639319412248,0.9541316415710726,0.22325540106936093,0.9223077754835848,0.4258931550366818,0.985524133255218,0
0.5540583834602107,0.9308328641758075,0.005348988694222845,0.7482388061809001,0.9030506531025154,0.13972056697895407,0.09612585173215149,0.4245726071859556,0.9336789061329351,0.5423865601904387,1
0.5274564637217322,0.14112611829932187,0.0007895110932187865,0.8101400907454612,0.08757456298623822,0.633849818735324,0.9146164545151915,0.208651913158431,0.6652728362369108,0.07869857670750946,0
0.603755143837613,0.16393172095320274,0.735953560515178,0.3012312947939082,0.46339100880464623,0.5994305420276217,0.17127341066623958,0.7416378186176209,0.30264034063681455,0.6623718599127535,0
0.15828305069937365,0.6881176592063503,0.12818807281046174,0.4253564962699836,0.24720607373887682,0.7483752494281826,0.26203500450687456,0.8817173063953962,0.8918202114066128,0.19644131522278585,0
0.6138459450077243,0.08771764171996432,0.3915370996016292,0.7133217295012723,0.6594232468499163,0.624700669406608,0.2825408636624436,0.378024949434402,0.10294614470028618,0.719022820433601,1
0.5038887967912735,0.7087656323456546,0.24894352479687276,0.3244382286350662,0.33421533726011465,0.0257424097472162,0.34104787283062354,0.8033045735180335,0.8972984957497385,0.5182183156359275,0
0.45550169521922024,0.030824618699370254,0.8792043375853826,0.013010213425872719,0.9447500802102118,0.48921624868809066,0.3419344935747266,0.9242184348426601,0.024390993110096737,0.5814248948690871,1
0.5489325244993376,0.21932040121138208,0.42888743135021057,0.6522640059437702,0.7271311968819275,0.0007168587065797816,0.9368534300910153,0.1645253723928124,0.2335804342223592,0.26347344569384823,0
0.03782013655203531,0.12305212359032491,0.986349922944162,0.31521673737728606,0.11530109033904934,0.10699126117462332,0.7194599676699719,0.8545686640326409,0.2569522995084699,0.02090951233523497,0
0.2230900184453558,0.056515690796757334,0.10339493663004151,0.43150811984764237,0.22991837086163258,0.5159458785254234,0.25349375325719037,0.9405373011029476,0.9059439679262645,0.566806105010466,0
0.35442399198738617,0.38114688203473557,0.41185228314449696,0.727579322134944,0.4516389955188379,0.8567299465058974,0.9440947859303646,0.33594615337893385,0.5606944813756801,0.09505653683256443,0
0.200469047766359,0.4134657667101601,0.20620271590177885,0.8765604907887176,0.15828625605909807,0.45566082155309195,0.6056992404598757,0.6918639081608444,0.38306936972650674,0.8690990687247285,1
0.5683191510779255,0.4395077804475518,0.06724063405203662,0.464689468445165,0.8207358408157303,0.6145410182213155,0.8321624537291183,0.4940116705993056,0.11846170509448184,0.01363984583588107,0
0.3032195467185912,0.6979904714977925,0.7902599039416938,0.2957528346203294,0.4956539208832471,0.4211189044340816,0.41052278435142786,0.2313487132001505,0.13637110502945837,0.19668855823121312,0
0.0553323871633461,0.19813074182357704,0.009200897625379456,0.6272584006359783,0.3163754073876829,0.9731447114269086,0.19371705077629786,0.3458285703095939,0.3578411586415332,0.00845149606246054,0
0.8392079530394589,0.03199446014432472,0.9401798347292414,0.8920743510936207,0.5355219160859636,0.5435955749112921,0.6537779229561563,0.387050011934887,0.6472222833978555,0.04476838868848687,1
0.05404762734972657,0.45723041961954436,0.5496223011060349,0.887817640335819,0.10466063390789626,0.8226479271938894,0.2100473372920696,0.39408364851003186,0.3166024348274129,0.400155272865399,1
0.15049549807258555,0.503570074403555,0.8016425898313673,0.44153401037889695,0.4906135758981991,0.8487675852813142,0.7060581146380308,0.4904544085197847,0.25769564818917967,0.8849267468449666,1
0.5770204016905583,0.2211476101106934,0.26911975263801036,0.8031330889362459,0.04414556208745546,0.9920921870288201,0.13035167971479178,0.7960685253969374,0.39477531677168287,0.49221618328746686,1
0.8806505774645779,0.41291118958921325,0.5374937536732345,0.04929966240916994,0.0023474738674531537,0.2447998730017259,0.6805830929187673,0.1212648933591367,0.11376195880454942,0.4109606080359033,0
0.6478370386082265,0.7120719922479305,0.17845067409837478,0.07958814737204245,0.9403970339455442,0.26066638256210173,0.8533464976087238,0.8634914504628183,0.7725225917625445,0.16883360665257008,0
0.8218014592542003,0.7692505592415867,0.5967229901062171,0.33720203516895275,0.2625086042665441,0.12188921208035897,0.5097570669008714,0.5852608755098465,0.3593389905157872,0.47535906768086855,1
0.3635144573692667,0.6410060573207013,0.9012592077965633,0.16392026204694488,0.3814088099031234,0.14086860395086132,0.624943770407832,0.7288705094885958,0.9319127325974559,0.2788719262609649,0
0.9502112058654302,0.0632626718206748,0.6030138633645882,0.057132719343329974,0.8937741877619448,0.5298090570700541,0.6693483507627961,0.8315739259104525,0.15031062248396876,0.038591561938133845,0
0.8788811459128522,0.3149332274589325,0.12897890792716526,0.46846123708708653,0.5983060756960188,0.030970603422510123,0.2748956582570877,0.03279987427689601,0.42033538919549895,0.8951000290662443,0
0.9826524114935692,0.6370475535036275,0.1616376937845918,0.9058493899993058,0.5162478232000605,0.1537493121029181,0.9217266694516614,0.757469050723103,0.7317052727231516,0.7091807037944047,1
0.20033982109644233,0.21100669170752606,0.688292998427255,0.21972275011039688,0.43867169680304885,0.7820018255939414,0.783952518097841,0.45326177252585964,0.7921899382752451,0.8386217961980568,1
0.6547757512842602,0.22842585230842016,0.2740117803855475,0.31484115540873536,0.116804107733952,0.2731596203699451,0.20951922431253212,0.45532874980860216,0.9084375478722649,0.10448031675395808,0
0.7202679239473956,0.6872830044131277,0.09575419866335766,0.9225724049058001,0.5684722021568196,0.36372552113568424,0.7565385834953067,0.25736545840163405,0.6935098370463204,0.03971120757224722,1
0.839408037609272,0.4481708470213185,0.6366929143579417,0.22123781980668367,0.677073712658448,0.7722402758932766,0.47321318688439873,0.6177269240617943,0.45632592382239856,0.8940913692578455,1
0.49786918051431917,0.8418087090288189,0.8013520582702486,0.41050482134835653,0.23008449185747504,0.406082132559771,0.8262173757752201,0.22763253581939236,0.5244363458577493,0.8060967479607475,0
0.3534774751283788,0.6422096370026974,0.24563157404881453,0.10927944536815992,0.7943842250928563,0.09896862340870682,0.2713813950795846,0.8551094219974401,0.3464692870786672,0.9730453495141611,1
0.9797343347738597,0.2682760204535567,0.04097822224989045,0.7050632842053791,0.4509865026483437,0.10075284395957629,0.7075228189780428,0.031174909111921223,0.8701966904922421,0.13865252911330372,0
0.127311878746725,0.17567229796858452,0.9602663584920665,0.693169360253846,0.8013715354636367,0.397634985732753,0.33631272750495556,0.23448400678316994,0.48064802831240894,0.5518287335341685,1
0.6317748436527554,0.2571185039986945,0.9486540809029906,0.16975849820713584,0.9656531747664123,0.014856122507503788,0.4811256918168456,0.3333678381165628,0.4491234139302508,0.570664578980789,0
0.43558915801270903,0.41484685030159496,0.7327234154133065,0.6858762750864646,0.8332712820358479,0.24995898123949556,0.6095285097540636,0.5851947853928539,0.36973781087268875,0.4860575419026809,1
0.31378214330572873,0.1418443976169852,0.21380121066273283,0.10551364640120109,0.6830695751901241,0.6607273931091515,0.9506063715798728,0.7296784136472413,0.052045838756131446,0.8842451739289542,0
0.8626751629457258,0.4433203207726987,0.5858630505279215,0.9760783324725189,0.5323043638481663,0.9053218283760898,0.08303875781018644,0.19105186870868285,0.4407549434413178,0.5847568083373047,1
0.8162278518628002,0.9882621151431868,0.38885149647411643,0.04741563614008493,0.8011715032953248,0.6043807190828081,0.19854285886820167,0.49482845662142017,0.7423102455337244,0.7704117870686438,1
0.499618411998762,0.30521453012885913,0.9737425820384935,0.6633626109564928,0.4082375193462987,0.2804632242046524,0.7311029830035621,0.2421834455937677,0.17170998897368817,0.5298338889620703,0
0.28998739264414186,0.628905144923615,0.11793867487423348,0.6549411045673216,0.2832965279977022,0.00024293443451273156,0.12693605767417637,0.9336153778350941,0.8673546391153578,0.23360903203623684,0
0.7783719045454912,0.6085715931739742,0.9709047114498695,0.3736056595340591,0.6814606125171713,0.06353572242391858,0.39624734681640594,0.9638176611881805,0.5389808744501206,0.2878795033348446,1
0.12027096312860686,0.7035283401815304,0.6448560434297268,0.3739387136037746,0.9509413518658343,0.022202812987850318,0.3037238516318258,0.9210694862995814,0.3209354383194404,0.2522528338551704,0
0.5342204099312473,0.8238017499205379,0.10314676087836105,0.9430207096457361,0.795072881181164,0.18125025555155194,0.7120079611981627,0.38495872263755715,0.4022946780763187,0.7832900924388664,1
0.9627848079807322,0.12665587284719393,0.4206302368788194,0.48094160808430353,0.3763118169549976,0.363189123716225,0.05226866756159654,0.6855386205626233,0.4362144171200454,0.19479380264392676,0
0.8160335023020684,0.8025607481516279,0.4863916280888938,0.29845066114776053,0.6380927257964524,0.28815213577740306,0.23600793032371203,0.7305146540263266,0.0403252397209507,0.09476847103459396,0
0.006788174023589777,0.15294318647542615,0.06899000871045946,0.9958023677799186,0.2888099699540896,0.14926801266924727,0.24099625799591795,0.9361255715401346,0.5201602230243957,0.3648180963078569,0
0.8733914579092193,0.39499027054903246,0.3350085699576958,0.20728252254973556,0.3777968239094115,0.316684356016926,0.677303959298141,0.2895827046707271,0.5771997464225614,0.0658921650319727,0
0.19128915669651436,0.40740527161134876,0.9369492539086954,0.3772519857156954,0.6640741211998341,0.25508722242139814,0.12703357597323173,0.05853660008005013,0.30541349854275135,0.15766102679690797,0
0.1740104480161242,0.76075930838695,0.015838070944874216,0.5578101257354344,0.3794613805934648,0.5065499999085472,0.5628302372146029,0.3133676944572782,0.2951088601842853,0.7334018493349057,0
0.8712769881211572,0.19258163245852788,0.09761876053514895,0.8977958063920259,0.34989546364739865,0.5513173906628142,0.35954314452000347,0.1258023363460513,0.589331644947728,0.5251408517696297,1
0.20299355919119721,0.45186904465227784,0.7969475040156458,0.5904261031078913,0.09691732706699485,0.5480214972291351,0.7027382992895869,0.7927034057807514,0.6291175786342668,0.15265816454078374,0
0.7101732665901607,0.6773418460815164,0.02442688294063322,0.41174766759024317,0.3329502469623733,0.6694120642536434,0.21613581231092072,0.5908719229742585,0.9132059618141724,0.7978023722086077,1
0.9214577362165304,0.97850596693269,0.010670127006162766,0.6227412763774776,0.41283939775890643,0.8598544903351217,0.2518147020091317,0.9810294891150761,0.6137079695437473,0.793537402228831,1
0.08559955282276832,0.18345788475886504,0.7584036730342032,0.02198652203932361,0.8168779858937828,0.013949018691911452,0.6571188390612733,0.36509392023180587,0.6114948527191991,0.6960314069891137,1
0.3424752191863042,0.10796244811083555,0.06964586774826564,0.5889360225625478,0.5206553537341115,0.7422010091211325,0.5097355100039371,0.4224457900308791,0.39808717823623085,0.026446902597667465,0
0.33555720169665715,0.9760201575244942,0.8735555762270888,0.3293780670342177,0.5877954050663722,0.847296745535494,0.44127433675006866,0.01795786375015096,0.07451046181864007,0.5103927213487066,1
0.9694393756758783,0.6932095422188678,0.07091619143856953,0.18936087579186278,0.77132314321685,0.8414397599562448,0.6176945861885909,0.6444231696298166,0.028337450383384644,0.8285302595815085,1
0.7882752081708296,0.25903514410334716,0.708676719965507,0.2148546064249981,0.04033016105151299,0.20113654259037728,0.1786288767542995,0.33774799673484723,0.4184494971754581,0.5085388914977079,0
0.47675387550832815,0.27067460596528936,0.029170668574074465,0.6051016222371507,0.3957448298473544,0.2986721573875497,0.8669410428305123,0.7467433077981598,0.8577655483724422,0.494982794712461,0
0.13093125212677748,0.6962214361212724,0.20607377993717524,0.4412296690917168,0.0650007889488885,0.8253084024229824,0.12594064104750058,0.9030975070493097,0.8642306022615571,0.46458276443924607,0
0.7443682043039906,0.6194450738181533,0.8030756423377449,0.43180510078591205,0.78580848424435,0.46245681706514796,0.9409657878427938,0.4863721008251476,0.46261927193372954,0.7850718615635127,1
0.821577691760838,0.5544891143211708,0.1797978134950754,0.4677582309575795,0.9680725029096784,0.7529861930391851,0.8111626038791322,0.03282549881924013,0.4678594626341599,0.6466211336575554,1
0.8300326836280747,0.04927365358277147,0.8524388856418731,0.5484009367419117,0.19731397057605993,0.3172552164497,0.28192955175156076,0.5308590342884758,0.05168567991113182,0.15853615849992353,0
0.8126930433757824,0.13260399074681106,0.23339626945812697,0.4533706056041573,0.5171208881133305,0.7636104796141586,0.4473324266661878,0.7898646210355388,0.6183463070454575,0.11309973942382245,0
0.15633143839283858,0.4370337254497708,0.3968893930890396,0.7435442696372946,0.5807371397973519,0.3881330810022493,0.17076028345038563,0.22683710232549514,0.575501018469059,0.42343880489979246,0
0.5149275088606721,0.17067743530223367,0.6629062523445658,0.852538740855967,0.2579395067869006,0.4915142258318266,0.9755273290209018,0.33324174055072764,0.5950463449237612,0.09019570020024437,1
0.6060150024794432,0.08963177330461791,0.959235435323822,0.7156626520723114,0.7881597881357064,0.7041043607716369,0.5897290360764658,0.44991278108550536,0.8583733797610624,0.956835667543063,1
0.4990361729040813,0.931535049155262,0.5833329099885175,0.5383841868964332,0.4544827329553567,0.20928776153011985,0.0037196608180591895,0.24150622685606127,0.5097231716035652,0.37995995225975254,0
0.4484852280026338,0.9806482195640496,0.3502723706693276,0.4521829393601079,0.13351555135281956,0.04795773243698764,0.7754095145924946,0.5706831750719786,0.760704806043895,0.14986279888655163,0
0.5718287711826909,0.25364247434137555,0.22806181690001992,0.011526014052985256,0.1303407235690719,0.30926811149969535,0.11687876059093905,0.9858584404109375,0.30863264852395067,0.13032394670232816,0
0.19908231282795774,0.5877032283414765,0.06404352386478851,0.8624341301411569,0.9614996792371473,0.24674742066738087,0.45009526859085935,0.02213445102949707,0.6407102247272215,0.41392605805258886,1
0.2700584661015557,0.20683711061660848,0.6540230776587604,0.41621703103231444,0.17965928902991202,0.689109081486824,0.5650722830366937,0.8586720549294962,0.1174758988764929,0.7856666019444561,0
0.673516786817259,0.11501093682809782,0.6948207298717207,0.4415472888798304,0.9449847855558431,0.1416113506178993,0.642833390815738,0.38198004546294595,0.9568146705908778,0.32997489529027646,1
0.9621859094918002,0.9014858511007491,0.27038323531065633,0.8035417768264277,0.995604201803506,0.25266300217128235,0.43677716932331967,0.5201807365667597,0.2949311358038643,0.01526483964602976,1
0.22012924419752666,0.28193688434175845,0.44359970131818716,0.17110247841340187,0.8732543566916726,0.7049111327313361,0.08520047755966198,0.6500924511399314,0.6536564764056204,0.9562211736436277,0
0.0030208713561612477,0.2479324498058072,0.9277914793753155,0.932133915398283,0.7205864193706374,0.76576332104754,0.09148295792964711,0.5138758347782336,0.2315829912889994,0.18121804361361726,1
0.8103032991233325,0.13503813668054743,0.46865163699638523,0.938578239586033,0.18583205556534255,0.9779934237382346,0.994287985761059,0.5556171546824029,0.17014274017715791,0.31610488794089564,1
0.42449283267653515,0.30932422435822293,0.2806355798765158,0.9722297092163575,0.15336482741574564,0.7333279087168623,0.00041028943917487126,0.5961826694023769,0.9159430039540524,0.287934094093219,0
0.1855259752577192,0.651679794878427,0.7126014072983932,0.6880305189519813,0.31931688002137404,0.2522024021593309,0.9559187999620442,0.9232995082699295,0.4573166098928203,0.8461938661543734,1
0.45232347763429603,0.4243890180725104,0.15676294759929466,0.42640605649197283,0.537416938599807,0.022504327428686466,0.4441130051754064,0.7813562183952003,0.6800460563742698,0.635156988863935,0
0.9095554284372025,0.01803200982523001,0.5570475861922342,0.7873488484097071,0.5413353827012672,0.32389555258037916,0.13625056509197786,0.8875630718161913,0.470762392387603,0.8781151969857014,1
0.5858521224331683,0.6741921166150008,0.80426115437845,0.6591555446001344,0.3980548406789377,0.513633383928651,0.8030455246758799,0.3736502963729842,0.3881214567684971,0.09569011605800115,1
0.9145844352217477,0.09103631494544173,0.6482091774485559,0.4131944788027977,0.40561939025544236,0.6795518365726839,0.06709373262987872,0.5937057829514346,0.7720317859723548,0.8282127578865942,1
0.1705303893937753,0.8974190500781737,0.6561460918474422,0.8818548008206828,0.48528071711019827,0.542033345097202,0.9190382770286711,0.8999095433546718,0.448160873369002,0.27441263163568175,1
0.39317043456426415,0.38776432852974974,0.28686687498279395,0.26857960433296657,0.8610629364797194,0.06986192068466168,0.6776111820995941,0.1728200514564523,0.34450589339406323,0.06154303413483686,0
0.26997363685546205,0.7684210711172421,0.8850153245472586,0.22152715190236705,0.46354783925892185,0.4703240479372064,0.8735753057597342,0.7627990528758054,0.5130772183680499,0.6707472004717734,1
0.8473550539093668,0.009538954025544943,0.4028900310500486,0.9072431672770787,0.7403130308439514,0.5428413743340746,0.5296445270351334,0.3477700976044378,0.5205205336415145,0.6553831994634532,1
0.4183630384287931,0.714153146392174,0.8612322272603858,0.15468484818486117,0.4515470228174244,0.4080200912850811,0.6874648040497281,0.24986746525792936,0.6402509149522763,0.877489241731488,1
0.4181315997936227,0.91101569997922,0.9931637389334784,0.10609204994795207,0.23305318798485863,0.9503797514820932,0.9583276864813868,0.0977072753867585,0.014998500377136681,0.16110002325642225,1
0.9960127833822483,0.17999961661068686,0.5025476067220231,0.848417726430511,0.02040161068820634,0.6044889822584595,0.2770254488696243,0.8623349164397316,0.28346114926407917,0.6867557202819089,1
0.6742196324473969,0.22149354885964,0.03479919986835012,0.4092495737853973,0.2891931519658697,0.8089777496137086,0.8003641884553453,0.4570239521926255,0.6065122253232189,0.6042595159869252,1
0.8271581484276234,0.4250024141231975,0.2754466797905091,0.26503491814054747,0.5361922792822041,0.44914820273221256,0.4401207709849362,0.09113733908970723,0.7186037406901956,0.2137366879819107,0
0.19695363020872136,0.41275832027739345,0.22777834161780142,0.5838582673080154,0.3714633393344715,0.4489117225927901,0.5371693216040289,0.20353552248180484,0.1557516228655298,0.8804219028736048,0
0.43372370283142103,0.41209360963253916,0.03561215027284148,0.4979763025873932,0.5541697216110001,0.5588408709546665,0.7070311693228843,0.17748183499101178,0.2522231342306188,0.8107304652304127,0
0.947170616843394,0.13593274736732064,0.4976495545052182,0.21417625273958685,0.06007316835498244,0.3255033381261354,0.14368762518421274,0.7099330734342463,0.5337254136714444,0.14383447099031088,0
0.009241588405514367,0.8081570490242127,0.17619440616424753,0.606216642220766,0.33692191307674557,0.5854859383150356,0.315653626982324,0.08693956069225417,0.2229500085577536,0.1880585664790756,0
0.42801935243964384,0.6582837834261573,0.26380607494635755,0.012069935300617951,0.5189373642647569,0.6057594893589721,0.9628704940018097,0.5894708030932468,0.47117255937814184,0.5734016258977038,1
0.927900629862027,0.8283781456016462,0.322978733363808,0.23725436365713726,0.26263361236607363,0.504421039715213,0.7440494512285778,0.5032192071829621,0.06779639582811259,0.7235807004399809,1
0.8059701286709539,0.28949786511971964,0.6641257392833504,0.4265919010543934,0.8891193557274428,0.8452255581607399,0.5254319983096423,0.6915055458135945,0.883349701022104,0.4957170100782755,1
0.31325074048882195,0.7536661379095813,0.22006625478469177,0.38853114800604205,0.8657272371067937,0.7244223402693151,0.40381100524749924,0.2147445024083574,0.3559683908322365,0.284104149227433,0
0.17608928794385392,0.7433329135656567,0.2520698868501715,0.4541674701677638,0.38585944683610907,0.9820773786356308,0.3910922441482205,0.0799824827967548,0.08982575257208403,0.5907537213530648,0
0.5993635517382656,0.41875899048265497,0.4318436923120297,0.05393258284087121,0.5165465103892622,0.5047394753803517,0.14954931855694453,0.10383938611092758,0.12357249059949049,0.10102824649125852,0
0.6097081955367598,0.19648265240291862,0.25143015218746345,0.17357214415143973,0.9578353044485031,0.8546174631518354,0.23049483735152088,0.327566293922126,0.20989284230499716,0.49187595946082374,0
0.019610532474253595,0.6713680088967957,0.5231581498176416,0.8986389283011033,0.16439268432841414,0.8041092460611317,0.7919610144667157,0.12718118921688693,0.3985592241441276,0.1701526411445169,0
0.2547205004575489,0.26324617483054435,0.5562363940257727,0.4114109317604655,0.9477328040063053,0.12637014194700513,0.9736921348501988,0.23063864021426395,0.7728739363818531,0.3389699261728214,0
0.1430813954173139,0.8578891852462399,0.3088608992364632,0.6588554042268422,0.5664436850866266,0.4717563093908743,0.4958194726485391,0.7322379140922876,0.08777291412344057,0.6681806619579052,1
0.8958121013985787,0.05778819701986415,0.14065333923366674,0.7166319367020314,0.43728164824461757,0.40354862081368836,0.13696663454423585,0.5067700407177881,0.12654531119637724,0.4766204563105404,0
0.7636152989616567,0.2582643578871635,0.4807861681797273,0.9920159693968357,0.6866504233540373,0.8413567713051986,0.41484760656054576,0.7678609231258553,0.040509172941321836,0.12291118254224498,1
0.20307059292006213,0.40195192461521956,0.8457448783257632,0.3462660507879305,0.6546211935154629,0.7093142948034834,0.5861823540883414,0.3572419681701362,0.5770533417135443,0.3422655927897462,1
0.08387373855201208,0.9928039781860144,0.1271824536325109,0.07234838383605735,0.8785307492071559,0.3018346608928951,0.6502969740735076,0.32900572966223285,0.39145427079447115,0.2621129720167965,1
0.3430440057930102,0.4107004005865431,0.7204160690923429,0.5115361942347918,0.9435652171569769,0.04188039383877551,0.5030683226320282,0.5842247888317181,0.9201969860742739,0.049158523621427586,0
0.573499584935216,0.853629928527957,0.24192772811923657,0.8762923485239374,0.019043409274291823,0.7324546291337297,0.933113221168653,0.6571976616400622,0.43902924398044796,0.04488101647271803,1
0.9201138133226288,0.4702962226915748,0.02899674433594801,0.6898210713287619,0.4818372535762582,0.12434531744241073,0.21427180931025958,0.06449068045584627,0.5742935397085736,0.6220294792520092,0
0.5057422983554444,0.8171021330026149,0.8610088213080136,0.6156243966831266,0.012756479707430546,0.6952296557477357,0.4179992169203516,0.565557483226387,0.6490806020188844,0.35023661432707676,1
0.9170985051717943,0.1339748667497812,0.6715118072810374,0.004359579956580428,0.9246511054051808,0.1125041332380915,0.09488423014757463,0.33300763305224423,0.3735662860390806,0.21430007232287862,0
0.5851216609271247,0.4429140980419636,0.03417558904108742,0.31965206225530063,0.8104329135731705,0.6897015348618686,0.7248708535798805,0.6981169240835235,0.3109730213830333,0.09966392207677588,0
0.272467184033096,0.8317853001851593,0.9804707977830711,0.49384701474156134,0.00970035492304222,0.14004481213422904,0.32208057531626577,0.5785853485929497,0.07509364580531397,0.9433572987098816,0
0.3650836732844007,0.912584217924823,0.7805218027570218,0.7554372725155811,0.606719579782232,0.6267838170518446,0.6380032352162481,0.6287213870255821,0.5537282313983612,0.9864140184828889,1
0.7322905674256961,0.7769463883925212,0.8724628150836742,0.21563976272584917,0.08380415909506078,0.48289443659859865,0.5140806956192732,0.8291817799499177,0.4437835792823357,0.5708530255443127,1
0.5270709385134583,0.03820278375739106,0.615214896596914,0.8280432857742522,0.15750054807580383,0.5943317339265958,0.5936105444464144,0.16418496405635874,0.12346357373073602,0.9800519429764848,0
0.39371916965303755,0.22742172872352928,0.17132454445437495,0.6676017135832351,0.6094452973272788,0.6435521229874175,0.08800602751145226,0.893534583498437,0.3892663968090483,0.31336940643035793,0
0.4623614472477392,0.39006606574762825,0.8635770031391459,0.9292609751978921,0.3034532164496062,0.8639358074599548,0.7815231295330671,0.9308076723447618,0.24575031218588783,0.5769591501209791,1
0.27454458474044463,0.8240944904843742,0.005324190571064258,0.5648191628863961,0.339203431271918,0.32268370707782024,0.644906323864917,0.8514844493139939,0.6091953913933262,0.8531729786467225,0
0.26459711188102997,0.5195018547649811,0.450536539067076,0.011644899503096218,0.5568121431407401,0.6615243241461749,0.5919144044190701,0.7362798987834215,0.5713395284530771,0.06675025485075692,0
0.11644552408471143,0.5964745775439524,0.2749791919736402,0.07964512903476584,0.42960274344854676,0.5543225980836554,0.32874598834960655,0.720433702225778,0.6437706081012446,0.33281836109167195,0
0.7548725289085606,0.6486950425330354,0.6374453787179021,0.553427700787068,0.011389668088552796,0.6965071834768891,0.3760417911091565,0.9426097101586556,0.8179847710772054,0.5876944695313122,1
0.25218198181926943,0.20371739327766658,0.3403848376775491,0.4765679435800185,0.2960655100389471,0.5149294953924828,0.16537042551318593,0.9777128128254999,0.10792455496499387,0.9319441396543721,0
0.9135780114026949,0.525360481819498,0.7249102718360844,0.4360482979725878,0.6300345775424382,0.3405759374211187,0.30115901978544535,0.5782297861695137,0.49812967418398035,0.5795363691499811,1
0.286660581287023,0.36695783181699526,0.08389796062890931,0.05227637227220572,0.25345712967301626,0.07424685933054576,0.1037747086347407,0.8129284053939371,0.0388736970166893,0.6589427939347428,0
0.2725577488154005,0.8715456807081264,0.48499228457749954,0.30557645932782573,0.5176389356894345,0.3819580190452688,0.5643010646698302,0.11453286832634824,0.9969905028125511,0.42555587769671754,1
0.34823063970736867,0.7102098483162649,0.3638994064953325,0.8332743050287577,0.45427072436042526,0.7195584132654349,0.10745321644188655,0.8461191855551118,0.7357179867781098,0.21171677846196568,1
0.14528600974578665,0.3162923487256244,0.9760705860319043,0.25683157456705863,0.4561272089466333,0.030020225717336313,0.39722752956623253,0.5713200154331027,0.9531246125079651,0.5167360449400644,0
0.8191073261776878,0.5471276425689006,0.0407850134355181,0.31500827518977403,0.5755495078311033,0.9505939659311243,0.8591303597512333,0.22835561417884764,0.2201098300191635,0.20117296711390076,0
0.9224988963025031,0.8526661531017207,0.7748834322529488,0.3927351142242276,0.5043807042987668,0.4643317447951528,0.25339810755937264,0.505028046148767,0.030496547852754463,0.13181037349745917,0
0.8865895961689464,0.7516797670314233,0.42286840905908707,0.5171503622838772,0.36999888595997743,0.7407798671606725,0.7841871792320796,0.7632851902031591,0.7226117248344496,0.20450433869279583,1
0.3379699792404788,0.4698454349836749,0.3307929914276556,0.754940200158329,0.3293535242499547,0.13823208678533716,0.3990404520483041,0.9799144327823803,0.2258814129335759,0.6121586589432291,0
0.4329730498397063,0.07102456764932663,0.4878766059980595,0.7021643286483125,0.5132199758278188,0.8721060637465811,0.28893701665758265,0.08624917130396492,0.9365656116580061,0.378196349528219,0
0.5764055514536334,0.792003126130196,0.3243136638755806,0.7161645381776112,0.13541884981782804,0.29129374720550527,0.1447106361365199,0.8112305584013578,0.22264923522678537,0.7174035554052103,0
0.9432983972456526,0.527772209068877,0.5400291922606877,0.46103356809781204,0.32589014339364275,0.4756550309249171,0.6028075322667594,0.9859915721706594,0.9377645593182242,0.8621529582931218,1
0.8891305357048583,0.46784918329204295,0.6574443271774648,0.8950667229362141,0.39295076499135306,0.9617624783454688,0.415786062069183,0.6010826653932156,0.7098047132723719,0.9505920130759383,1
0.24461627405226605,0.7461309782386423,0.5208155861440822,0.26855714062064107,0.7766068397963906,0.5522222801738466,0.6609738206496758,0.322901068577901,0.481273951827605,0.6173542509880671,1
0.404910814269844,0.1983725398477013,0.961640492315304,0.5114675400426174,0.7339203702877005,0.4110471935560581,0.35513176402571633,0.407164298467125,0.4091966437856498,0.5441801159419536,1
0.5434698699813632,0.49715381588287166,0.1347857849174381,0.49607547850053113,0.1691039004206515,0.12613578629576516,0.9326457173411677,0.6049500131477042,0.6594900581245843,0.4017936703333638,0
0.9089808919148642,0.6379304895796655,0.7691698695235875,0.36856246902771383,0.9600118808191255,0.820461290158315,0.8539484630145436,0.17219426742575428,0.2709632078712195,0.28562659968357706,1
0.27090922324687117,0.8554081621042879,0.03188479520859211,0.0760999889807743,0.2739148706299037,0.19987297464944365,0.23185961388284837,0.7979431892533,0.5631265938920469,0.0057706612929679935,0
0.42932276570419525,0.40788492685035893,0.11394526944454353,0.6761417886014571,0.7020971883794911,0.7208932190520977,0.728470945558592,5.282693229680113e-05,0.9539208038467222,0.814208767054663,1
0.9039816965892853,0.015643295307434135,0.9338587957857394,0.8097885286881047,0.8372191429586986,0.09328738472196851,0.7387780289185977,0.959916689642091,0.6785473414181606,0.5705614046246065,1
0.945629677748997,0.442937121734436,0.5992935663104787,0.4763382934943662,0.9328462213602992,0.07608472676550726,0.5011197008253482,0.6869524413854383,0.7919065384222369,0.5830186474441363,1
0.908917744121454,0.9419914468838717,0.06431922319358352,0.40237053954137436,0.02345902172115444,0.3294166573744429,0.5368682179706021,0.9107949305099489,0.8465543224654029,0.12749972667198572,0
0.0930303747408957,0.589267338756667,0.5321179724587827,0.26637764143002385,0.8994530845538352,0.9273664094615535,0.40261143834016266,0.8903025571135202,0.38394889426297263,0.7368168318297001,1
0.47594221754772414,0.12258315650718299,0.9279342012370215,0.4540965933775366,0.7344870403224036,0.36717381443129216,0.01888087857623466,0.10053035869183591,0.4962194794899244,0.6899643571263624,0
0.33473532657927907,0.6954884591776503,0.698635589431956,0.7039359073278308,0.4925218540205084,0.914886150121504,0.4891965179806156,0.4502651934966382,0.199380819010627,0.3076550873563365,1
0.042334492518303346,0.6335352936161702,0.24853574392709288,0.3041552544854651,0.7708145216643212,0.3272211831614539,0.24219589201314218,0.16905774913370575,0.7748584021819559,0.12970625799002689,0
0.4537537602503535,0.5069301160771944,0.6873899126857146,0.6332834823329955,0.8107206729451748,0.04475143392623815,0.2964407247793972,0.28013411877537975,0.14601690559210823,0.28917825385644313,0
0.3097653141429034,0.5218844619274783,0.6637044789262561,0.3811005136118141,0.7194702313133812,0.33616533857958,0.29028367731476035,0.5411880558570243,0.023716360305790607,0.07978912363400037,0
0.41796954358652705,0.9429127113917565,0.7215117798434236,0.08812656950055775,0.8463180127808737,0.732300770608181,0.6109465257026532,0.8202929606091773,0.4041098477429571,0.22150105085385274,1
0.5120233891087593,0.5488417555934738,0.5383263720099121,0.5650737914801053,0.9487049182391808,0.9022456230962314,0.8757170365589394,0.8014168109086272,0.9434281072652854,0.09849464167940325,1
0.2651232614457395,0.4950559456545849,0.8465344931234052,0.5051657115227325,0.7480347393415887,0.13895990524891622,0.2524138129765602,0.7317760950376724,0.16473400888772405,0.35135593465492676,1
0.2648662578135714,0.3498616942224785,0.7083240490779703,0.367847181142801,0.5552633226079402,0.09993187705440965,0.8050176932346278,0.36988862564812486,0.6485341590333424,0.7253896016618326,0
0.2096609221117004,0.88467498495335,0.6162242516069529,0.42872514175148146,0.18233518357821954,0.9423009379012067,0.7550682041316251,0.20802456273324887,0.3377107747242245,0.8096742580880733,1
0.695677663215339,0.7657842927157243,0.4412011022129324,0.7164762626421669,0.3864937228639137,0.21126291693819643,0.63267703484136,0.9760139255987942,0.3106009713953296,0.46096959221253964,1
0.6740013710698536,0.5415062821224879,0.8434277957090492,0.7617427064695159,0.05829720386235704,0.998421233923774,0.7524024537194672,0.8639033162941132,0.6511977120953464,0.8562851280467623,1
0.11238297492870941,0.3477378355593156,0.8764209436044927,0.20165521126689223,0.07824209858002273,0.788118939945219,0.8354861556432962,0.1626522181899006,0.8543459827827155,0.6867677955971696,0
0.5200826832165839,0.830250192781385,0.4192492493189658,0.1939939562233972,0.28485267661061364,0.5051640182933148,0.5313307926731757,0.8055808264412336,0.7913527236523344,0.5813665572045749,1
0.7807854833654764,0.19177345829367098,0.05006452709329434,0.8736338226347001,0.07555449376276957,0.2466884297439973,0.6953189496243846,0.40944793762730913,0.8763139699155088,0.29797979466226954,0
0.011871346669359295,0.3006556405607441,0.5780750491848317,0.37593837540329333,0.5348727557587553,0.8765981188350187,0.9124850542303685,0.2659740646541121,0.4621404732699007,0.5491440152414512,1
0.9491124568882471,0.9986173191643847,0.23540724884152664,0.7269798713458154,0.37803106223319516,0.008108196886213226,0.009252522435902355,0.46056600756225574,0.4883349130043346,0.022569696573442655,0
0.6869274167743025,0.2940033885949531,0.5598931015359494,0.30091907316541877,0.1671343148693072,0.4071737385988753,0.23227336479050076,0.5348009769191681,0.19882853028647995,0.5084059766446271,0
0.15737851486886756,0.670974709485785,0.7539376844414241,0.11039423424993378,0.4678024120373392,0.07087170065487358,0.5981824455420024,0.26440429792964537,0.5276244568387078,0.5174610093842912,0
0.9243543461938004,0.5490832225687229,0.5829984797183156,0.4016531257643803,0.9490796031828168,0.7771859094396096,0.28540529030284156,0.8442095857762321,0.43239636018509,0.8286671435335939,1
0.822888068293502,0.1888701867628544,0.7011411313835769,0.2906429693065311,0.2974926699926682,0.29634807688058074,0.7255682475599482,0.22982604179253607,0.0009058352460902253,0.7152368534826331,0
0.17118474383512527,0.10448239530783465,0.23751612059406013,0.379900522322704,0.4759063274732007,0.04457004071263082,0.9705733326273605,0.7160630534195581,0.32319406532433614,0.31869725728539733,0
0.4485425493684594,0.626244822763033,0.14637306658896776,0.18892981376495233,0.8594345828335509,0.25625492388907256,0.38019499797517753,0.871271850950117,0.6631478293998225,0.34171187934168834,1
0.6836995457246208,0.01968321538141371,0.7356426600113652,0.4870160405162395,0.8131821472844613,0.9546376520064683,0.9257885494945683,0.9092650434553408,0.5121699559338871,0.36014211413893804,1
0.46503532473067277,0.6898960033133608,0.8839977768711867,0.20698630300011955,0.918193158461703,0.8151802319698891,0.9788560151782346,0.8802517732816871,0.27993732969190666,0.10595591134404769,1
0.11224107199158861,0.2912233185782761,0.6141837239845392,0.8043203260971725,0.8992503069815647,0.6237533843692328,0.0056313127480537295,0.1863167765185335,0.09972620385336795,0.36332447556901004,0
0.5013509936337459,0.04339717857856085,0.3484779757956553,0.17917967462532258,0.6470701662588739,0.46427236932434,0.4953176469339088,0.4276917880334611,0.956019710486567,0.21473512512156323,0
0.5166642598438743,0.7360173683653359,0.5568444131345626,0.9290208857168011,0.37796835564128417,0.463675805773178,0.08852231521472842,0.6089991110519285,0.28821196844810604,0.16030903951556885,0
0.5445312929045081,0.5323102633799106,0.07587164122404755,0.6982154534944728,0.6237721906508529,0.1890172827464972,0.46943486215404384,0.72032291647856,0.5294357405412765,0.3954890761835702,0
0.32233845808094364,0.6103938666440536,0.9391086983102406,0.6717448404774834,0.0747459036363155,0.4606849734821338,0.8908241315106276,0.09446242580108688,0.9888757121375433,0.9490693936454213,1
0.07827448072987586,0.9334133204495549,0.3631325902594622,0.8447091670758625,0.4183833377132715,0.44085511270251587,0.6342430909775426,0.7744774192759833,0.033789150948248636,0.5931559955271343,1
0.18673299409737099,0.34594951786320294,0.3479686661552165,0.4690603402211536,0.3341364118761734,0.10736111845066776,0.14562873852545144,0.03343798556109767,0.4702490853287543,0.9544476948529885,0
0.11567522364811655,0.946264493003082,0.7333615147320935,0.6374988029341632,0.6452777553235629,0.8267276483962821,0.10691986437982137,0.5047543235655417,0.6970911382607585,0.5868204450735637,1
0.8327790710232946,0.07227170901135149,0.690701039499166,0.5340277303847177,0.3791608639799434,0.34027498223403085,0.6208326327741929,0.8909953746442648,0.49617592610111527,0.8247231640769201,1
0.4021563818439675,0.10239446279317654,0.06150573645863855,0.051334371323677574,0.38015014195766994,0.33723775083584207,0.7179370236225695,0.7428215015848658,0.05085396883373983,0.22112326288901496,0
0.2742618501588997,0.5476119841428094,0.14451522390695026,0.13394121940000037,0.943788889207958,0.804202907297781,0.1806549020911703,0.40656780790549096,0.35562199925756555,0.7910040740654073,0
0.5102129164781221,0.12784973699346702,0.7389920631562439,0.39688797822491895,0.26292424763214706,0.37549862202072015,0.49775656360689635,0.34311551641700944,0.24190577259175783,0.39850202880398033,0
0.019172910749898242,0.7724978460963139,0.1709448935675858,0.043904613630637246,0.6536986929050792,0.7739361288236722,0.8138291315928432,0.49350918266059995,0.2053681846899853,0.7372276772498267,1
0.6997130771543372,0.24627073410317324,0.903407755862793,0.104371458082829,0.9826882395913257,0.8602478109774646,0.6878986454790752,0.9387498882798329,0.7223111683237078,0.19045699703004593,1
0.44215613811281174,0.07150302433163536,0.3896574222881154,0.7416030197372087,0.3864433509308174,0.3302941754681341,0.5953557225103119,0.872204528998895,0.04758319254611243,0.3854704346997354,0
0.1582407418152627,0.6953542507318696,0.10572456043113487,0.6648077585802445,0.2861808707979073,0.1989168137372247,0.9363525578249854,0.018524576745955867,0.43777727188956894,0.02162699246179378,0
0.483593048104329,0.5010473777944182,0.321662471394747,0.13216177752502367,0.3763875377344753,0.672262939932566,0.7823958086444591,0.5307506023881423,0.5898343944397556,0.2006163711246527,1
0.28733033322764945,0.16189561005235842,0.24929535000461134,0.22488678022553177,0.5194487863912376,0.5626887557907294,0.9449474208215045,0.19557064710152305,0.6416757101614959,0.8172592689875229,0
0.5602414637830525,0.2550036525010757,0.2625502300200002,0.03925305307099991,0.3054442265484817,0.7446036790033801,0.04751775720711038,0.21929528250483066,0.7062324985317819,0.7826515628228766,0
0.4553184100619284,0.6980743384786489,0.387952168654892,0.15991324502412751,0.3981494935229065,0.5799678202031429,0.9480532818528903,0.06875095208867732,0.5073940938449606,0.3289197782107244,1
0.5083116942766945,0.023975447376531678,0.3130253547015813,0.819868147527005,0.5539417338546375,0.4505824928161174,0.2855250717153396,0.2980425227913559,0.38310143359058446,0.8355707099645604,1
0.9672132068082684,0.4386553813503745,0.39335283874776183,0.8465507758198628,0.4269053206363036,0.5520181722956512,0.23094166459874443,0.7435025357790752,0.5319883182707819,0.8090345502403417,1
0.7807327300286697,0.21500476827002857,0.7156355505577624,0.8000544079513714,0.3461072407823951,0.17260911290227454,0.00263215557958818,0.45090365309314817,0.3524327315388416,0.5549098338254089,0
0.18804109258878576,0.8596655476664752,0.25775521562810966,0.22642960508764998,0.48071405648435594,0.49885102374427426,0.21508522878509284,0.27186072672591577,0.16970523915524494,0.7184601783231668,0
0.7700890312540819,0.4623284974592826,0.7140870226850174,0.7359353919374455,0.1382755276778086,0.9661780248345367,0.821031947096431,0.2044834611958235,0.18616503574607024,0.12566114557958274,1
0.13837856254191838,0.7481617990286962,0.46965425695162355,0.7829341727398672,0.7462548943502054,0.6046127135052216,0.6863666065786795,0.01835572437914179,0.31177764680502196,0.6378221792594102,0
0.0093449534862442,0.03297694368259341,0.8518879824703832,0.6840248616920718,0.26536973312034395,0.687962840118709,0.7924566691392633,0.30679428311010126,0.03603737749918745,0.9327791246877345,0
0.3451798382956305,0.10648176328470638,0.4918568713931474,0.7684677956641338,0.22164731461755915,0.26949005013336336,0.24271498679858317,0.9916730528316782,0.19740373373054254,0.575520216966124,0
0.9252646416569643,0.14689656887777924,0.9708541978677002,0.9474772343956246,0.8845719870582626,0.21455652133000225,0.6340550560109833,0.7608914729612402,0.9860279281964297,0.18042382208137042,1
0.7660258995192964,0.33880116992711296,0.17562646556800232,0.42137694121385494,0.7938359121486164,0.46484980370405216,0.5375231002030485,0.9951594102001212,0.399109299557426,0.6154007547092398,1
0.36524420161537186,0.39278564632870494,0.6956407534454081,0.9378869760948835,0.5423589504923214,0.7683999289487798,0.08920655881696382,0.21115803743192696,0.5021316409195324,0.02001172362877479,0
0.2528549787625588,0.5174012898249661,0.014961198256300712,0.2645462862260417,0.5140308194758695,0.5731492479812457,0.9257516930553055,0.6453456232506078,0.41473580252999376,0.9303511771330678,0
0.7848829833877943,0.2000089211127476,0.13084236134881977,0.675811635742733,0.5598831655769838,0.7896736137927557,0.7388050500786865,0.625211533857515,0.9863821716288922,0.5335897301104087,1
0.11310575650171983,0.8282735648159884,0.251853362345709,0.7773021481439183,0.9571070960000514,0.6967955139643413,0.5960301609498011,0.4603861756750406,0.36440986599540326,0.35300475097183626,0
0.6363727057095906,0.7512731169377459,0.6785170694844144,0.19841010119356273,0.4939871801434912,0.791640072183063,0.47570407818905625,0.5366232797354938,0.7711360481708222,0.6612653062650915,1
0.4093449208823926,0.895412711194219,0.1625670686634786,0.9955164485903247,0.1188525784762372,0.014949971104238902,0.8900189011487647,0.24495350836595609,0.7296996274467209,0.8110153749320693,1
0.8589863910321168,0.9915942356641667,0.29403971003999907,0.7102433419272591,0.11539985828082822,0.4068092913568494,0.8479716933125904,0.36765804605910835,0.5910953805356141,0.5037734437246341,1
0.6459515311120451,0.9728943893876949,0.05573552650140212,0.5739615175016297,0.8630287792502848,0.4813827117484275,0.07852718594157282,0.5605393524167709,0.33207389082382044,0.1549417853379359,1
0.849034513283473,0.5215995129911216,0.9332764123790667,0.8060165046030691,0.6929717937736674,0.005025503365311934,0.42782345663824994,0.1974862816520323,0.9107979110488678,0.17458398467636027,1
0.2860600516592855,0.5168367677344992,0.26336361899807925,0.20986467727912117,0.5990993251027524,0.08892952275502386,0.05816775872092472,0.3722452951860714,0.7206644545078623,0.554806758273948,0
0.42287646846677884,0.5657515642245824,0.3654514846532736,0.9361463354321129,0.05490489091077433,0.6733914790298352,0.8912826648277505,0.8038847087352534,0.18404103482144674,0.29592634898028836,1
0.7170479387071047,0.08427055918076554,0.811861699832584,0.7189069446047903,0.7296066492353426,0.10024137026759139,0.7177605448162309,0.67981812521997,0.8309224908218505,0.0415959562564695,1
0.023110668467792195,0.37300709987856073,0.14878828384915288,0.5583844775702219,0.9173489015067489,0.39147973033401573,0.8449503772726041,0.00024087451786647396,0.1685146434591842,0.03042353965408562,0
0.32814718051506864,0.9081895956965028,0.09695212359898775,0.6064097767438004,0.4514959391194442,0.9384682123658125,0.12251914253709384,0.21202785050222894,0.029541968611493274,0.43393524963137375,0
0.2778328995646543,0.8699059338903209,0.6049408131977551,0.6140907379757017,0.5319106968813024,0.091850337229201,0.44501868372535525,0.9995051897085165,0.8352292908460148,0.8934590541671159,1
0.8232263592464995,0.10304169343098268,0.22744825406479963,0.003121651356409627,0.30351012487811146,0.10860740234649258,0.472793345301583,0.6771274885739019,0.8745052950380771,0.7492171650908982,0
0.9385855957785052,0.053898290393788795,0.01217983541654144,0.6613381138362127,0.2893524102222462,0.25350101610577314,0.33088708769379427,0.26979605789236416,0.5114364063015873,0.4401484472241325,0
0.5124285513766563,0.6727136115004362,0.3871305089711483,0.2513076871421568,0.16620053680874547,0.3494741195326255,0.741806475246172,0.7567049101114696,0.6669053866842103,0.2340281753068746,1
0.5880862458546977,0.570689661576848,0.4842661981097255,0.5499789863838642,0.49179063262366807,0.5654563660741082,0.7155059546211288,0.10962819440343974,0.7496257521490237,0.1358861501275942,1
0.0666279984103747,0.9760796862214676,0.9569917688704415,0.06043654494056405,0.44325344147496215,0.18624493829977473,0.4853448971344181,0.8301772429995874,0.9506117747428903,0.6342526534515374,1
0.35390566721181704,0.6033255656445984,0.31200130610845034,0.9098236408320604,0.870400463105837,0.558231750279661,0.32479891538036054,0.29338967558297835,0.03341799470505946,0.8158208510252952,1
0.45038321303900797,0.3251329284002644,0.4711103549977539,0.818737990454652,0.12461420770752119,0.8576559882418273,0.897508835108354,0.9467079150338882,0.3974879924226278,0.21714040403767187,1
0.3736408184666985,0.3329120962314033,0.17615391250286005,0.6072666701014879,0.4766241605086289,0.8657009923240037,0.03210958048205825,0.6438679275551263,0.7629488785115611,0.759486569188307,1
0.8860739670955251,0.7290337428294941,0.9278100616476963,0.33265659982089146,0.5032094167515431,0.014079663282890675,0.006957587303291213,0.2401266204515199,0.10080719713908526,0.2602113679357536,0
0.1770432945283974,0.02852002483864824,0.9093041464060494,0.008223131388891525,0.7360821443370854,0.15214788691951653,0.9122296219996,0.8927959395898858,0.6539011463692573,0.6722341498006051,1
0.005339141969688543,0.984871566113602,0.8778326035758144,0.895106225730092,0.6592445370508719,0.34478692865453653,0.8936486490904808,0.29151692815119234,0.5627115433422029,0.0997309723438824,1
0.9219556301327502,0.14077045777121333,0.22489680573040727,0.558134158128215,0.7640930002129815,0.619351305936299,0.23213391280015616,0.0009430425274903342,0.7571505803074392,0.9852073259110937,1
0.8099131203060904,0.46020661815661534,0.9037672613991066,0.40984767311835,0.5249340842434675,0.47712976739568325,0.44762387266552495,0.7751907692939057,0.526768907269492,0.31671712202521607,1
0.2581581676584783,0.037747316967433386,0.583195161883046,0.2299614154010342,0.1481339220163831,0.6538299638276777,0.6812092578215488,0.752154892257666,0.5035768963385915,0.8940546052038866,0
0.9363427533982278,0.8073709397924894,0.6355934820081872,0.30372095359118867,0.9829449216202212,0.27413616719193834,0.20265692199043106,0.44215411378658276,0.05684057071238846,0.9784944646717908,1
0.5884335564164248,0.5569520916641753,0.6557962798997199,0.49702364777720665,0.03206351709454158,0.6123112888403968,0.7161738769564306,0.41674906062405315,0.7572955720711929,0.22700129933842061,1
0.22127659106618403,0.16141698768757395,0.37199475978916186,0.8470120353890835,0.8279120621490643,0.3828242079635038,0.5891187359802366,0.7208163164749156,0.24120677462802298,0.16814108589474708,0
0.972095993212311,0.6175573132096185,0.9814157218336639,0.3377559871322291,0.7030316999741315,0.22260363654123771,0.26120017127391293,0.511902121269624,0.3196181255080712,0.16762156384058446,1
0.262880701989326,0.03574839446586464,0.7044236214774866,0.4921166570858616,0.09424306640452562,0.1716939931284912,0.10253453811264401,0.6125928082758765,0.0942103636124938,0.7542823330352161,0
0.020510919320391174,0.2493757879958921,0.8906666758919072,0.718531318122246,0.07296833292568772,0.8211261044851798,0.4930351215402048,0.8467830271688292,0.6007397744503934,0.6818330320328587,0
0.9935015603957081,0.23233554592401817,0.6239455747613883,0.46032139005739836,0.039451952922691436,0.014470641502865034,0.11922857781785867,0.6490917405385481,0.5671630879133922,0.5534295611637274,0
0.031856762528260085,0.46930299636000705,0.9246228178425285,0.3975918693106466,0.6249224697884563,0.7798186756231436,0.7839252791418876,0.5192800823952713,0.8579519454023363,0.39137809336374696,1
0.8886932147847983,0.2402271663955453,0.28021640699057104,0.0531206241990011,0.7955818365422829,0.4170552362327056,0.22911661391139904,0.23179027761657967,0.9013999412292332,0.8339166004610369,0
0.5535308853571833,0.6161108004157211,0.474325570550291,0.39166654287880887,0.9154768812183315,0.12561270352030207,0.41844678971622795,0.34456190798787534,0.49815072025114837,0.45763187454517507,0
0.5188895316510814,0.1399189772269941,0.5131415015132771,0.24241881388721087,0.18433134898819126,0.06483421878619122,0.7626525587561409,0.42744192085655996,0.6266436833117583,0.7275933433047433,0
0.6793166653135535,0.4705007190896823,0.3878985289517298,0.3759599096406637,0.6400487969300563,0.4947943549418734,0.8491322479885106,0.8747019843267121,0.17056037800651846,0.13623365154572564,0
0.6304009260359995,0.3012257480622794,0.01857071876509886,0.8886426693629551,0.22690076724380825,0.9292806516858091,0.7174344508782536,0.7626534899114843,0.20146149579316042,0.23419442561681292,1
0.5212677538240658,0.17209985264986216,0.3054316926830323,0.32146247794780447,0.1596299332527641,0.20518283339516075,0.7885518420082566,0.16719585454726837,0.028457391843922486,0.6293549426289384,0
0.97598311939245,0.3312138146231214,0.1186557031962523,0.5703873253675308,0.9063542110956462,0.7840617798284788,0.622515868412716,0.3150564966075994,0.54188017327622,0.09124484130425536,1
0.67894542428067,0.7250960188976509,0.9650316229099188,0.26039735874507164,0.018456419043022643,0.5456084644271506,0.7067905043968145,0.790407475882988,0.1937389330248106,0.26175286903702366,0
0.5125909252672963,0.33060080997000185,0.860511486587445,0.47376015373872027,0.799578644102003,0.5806197604823538,0.773090141617112,0.33267298653032384,0.8314166219303112,0.2745723155510216,1
0.5460988080032908,0.21400711317387422,0.47552652162619335,0.31817520950870315,0.26670343063721424,0.9669850180280375,0.16007410548673062,0.7873258374573953,0.9841649594832149,0.01990148374007783,1
0.699027414042095,0.2529118055562871,0.040487824328304445,0.4028895789566308,0.935217810170875,0.011765094366997686,0.5878856919297817,0.5013964785953243,0.8733841643710475,0.08400171452062566,0
0.6815260298866503,0.6801096984332773,0.6690800168622832,0.942334494935037,0.8230875290068804,0.04197272624350601,0.47108285070451317,0.3979530562013335,0.31014722109080206,0.4513367251540973,1
0.38419418492597746,0.43233389987866533,0.9792618656086425,0.08863297474958076,0.9222308698387298,0.4802367134710267,0.6237422454995412,0.8301829666176939,0.36046302914925554,0.4304219080879669,1
0.40951848027871396,0.37473102253575985,0.9255293216468949,0.8289298911930121,0.1089999898629761,0.10812335247709604,0.4278695148529912,0.09865737673280905,0.6190930952711197,0.1436916072617339,0
0.5223732639668011,0.007219947003717753,0.3165963484126467,0.6771907236726554,0.48403894022784844,0.9782694859989881,0.8741037960662108,0.3590707790431512,0.0454865414722746,0.8456263001150188,0
0.9112343103146714,0.8206273934190368,0.12794994091976486,0.9979151344122877,0.25858422155277383,0.7242049128083701,0.9080348763357216,0.23568711433070944,0.9082585546770661,0.30948157919486696,1
0.9764132223840561,0.2812600203804746,0.9534358247578352,0.053544650892674905,0.709272011669813,0.5321111338370037,0.47787707712273064,0.22349431425584,0.705595789776492,0.1908094914463071,0
0.5528417959847682,0.2532453630402508,0.9556213797813561,0.028631193835652824,0.19972828011123656,0.24231060638744772,0.4140678257678164,0.23273024187005353,0.49134909026878526,0.872465523258539,0
0.7120634214091708,0.579961980535111,0.08900317798267965,0.6939921083892756,0.16641428431093985,0.786367385961698,0.2500567585101532,0.4170487283209009,0.3504702023179279,0.8588139146748568,0
0.12654445871340814,0.5656448823847886,0.14206160944306223,0.7047958361321867,0.9050781277944812,0.4346076538672534,0.4880922602649759,0.9274228364827622,0.5209913886493571,0.48759843804956093,1
0.5783291027043042,0.6892297363629519,0.10688337508703138,0.821110527741516,0.43550502745325925,0.07234850989748554,0.7861826691982131,0.3769499716862721,0.10036749509505394,0.6337790395432505,0
0.8801313534336417,0.8877535094139863,0.9576634748089732,0.867705459766688,0.002140919345475223,0.38024116641339023,0.818542579905503,0.3662530059984742,0.6015485063797061,0.606316947374532,1
0.36502530403882305,0.9044739272812876,0.5032283453861176,0.4647842059375008,0.9975137456618959,0.49350036407261666,0.17839825192858105,0.513069422863438,0.81401673551993,0.7768603268982814,1
0.788581765108471,0.7080237839979118,0.2542178290666882,0.8620840858402314,0.8934434653762651,0.19415269661854906,0.13045563655139392,0.975604968589112,0.8683239636503679,0.8932361472099467,1
0.8863763846243952,0.5416868240337284,0.6464017366657997,0.5453628521336417,0.05120634919032907,0.7455030853527727,0.5053320333358803,0.6477090747902298,0.5026398049755353,0.49181132232245595,0
0.17178910947776682,0.27871371514114895,0.1588526919439558,0.19566629562534243,0.9729773804203049,0.15311344577219843,0.26927042430520765,0.590589657738585,0.6101785762366418,0.15397412974382907,0
0.7937174257852123,0.785202867912825,0.2373177042038911,0.28866630267546045,0.937987865459497,0.8256714459794781,0.6977970330625238,0.08223322151060053,0.4182640809025757,0.559301872076827,1
0.18741128798377693,0.4482265821082245,0.60102587748869,0.3273766801153992,0.7809448189504872,0.8404495816388055,0.32360946943407076,0.8386571544924571,0.10357656610301502,0.8377290986226563,1
0.1527504316676166,0.08292715250972604,0.6417754044410112,0.4719373657552943,0.9078906004128328,0.3631891960908492,0.2871522634376287,0.5007349061441984,0.4559461857686613,0.34442804621718826,0
0.6937412986983286,0.7595618339139083,0.8529839690301366,0.9728566047103429,0.26665619213250447,0.7160934824899615,0.39425823549574524,0.6770819719511081,0.47598169034922033,0.9937731027679316,1
0.7289021357907499,0.9524913004343245,0.8349695494811857,0.9029010111633711,0.8144191972146749,0.4591591303759114,0.2517884533468844,0.3703201754505222,0.020236232639950447,0.5239931674646672,0
0.5050578002704087,0.5252504648304882,0.9740312249720638,0.9114540034548393,0.161712778330108,0.3688825215558892,0.4239561794632619,0.36053291785164776,0.7984959636039131,0.5240376698675869,1
0.572099816971625,0.8530135589879255,0.8059281534153586,0.1322115228202997,0.7139145840836343,0.43543612890203554,0.29464890306250047,0.050018820902186345,0.48724956034545097,0.3554366807245314,0
0.2515130396764008,0.6946717295969576,0.769485387315587,0.2447895190294248,0.049447436679347256,0.848752700565235,0.009959741204303318,0.937112493921472,0.6276198739827059,0.3218466352013203,0
0.2464779095767362,0.009005664264475244,0.23547141701087715,0.1377283015171411,0.6121662207231456,0.1665455885938013,0.5286298375366193,0.5901164223444708,0.2980416983469145,0.035064949018718705,0
0.0372538806141961,0.026347332193917605,0.7391246671365462,0.31800970481429813,0.7963001859676636,0.43173282384284917,0.45299810082996383,0.5128826025095737,0.7130314563751039,0.27350286582970706,0
0.1215873495335269,0.5560573351914615,0.32697762324273927,0.4424913136680374,0.6469467083373054,0.4941257411412706,0.6202788171008429,0.5442000021136278,0.7397963719360992,0.70593661771162,1
0.5341898918086192,0.6789030208597069,0.8735596022726128,0.4322712877881686,0.41276307274879365,0.7642456208523801,0.582553837041994,0.07100678022258855,0.8921120156910813,0.030783102237640136,1
0.7483963562097431,0.7587941427043129,0.9531110852819304,0.054134408402320755,0.596856860784491,0.42784057062705294,0.330632954859542,0.09031856029907304,0.5626541196713092,0.47904072567461364,0
0.10455445815102427,0.6124895070970834,0.7379531202529385,0.7672783010536482,0.9053731882624274,0.4094707418887772,0.953072768622137,0.8654294050826861,0.29650157102393904,0.15928303734945848,1
0.4353893961280134,0.4018987079559666,0.5757193053312043,0.583386232327748,0.7499869843799752,0.5098899482056102,0.10482264094076554,0.8582913355531061,0.30976458318518707,0.971297460306592,0
0.11786010867977015,0.9582511722325032,0.09101180688251698,0.23103613794705946,0.04657994208654159,0.7051131466389949,0.8502987365717918,0.4340710818159804,0.9285220750424297,0.5902990717555996,1
0.6300071354465232,0.8454192017007699,0.2968002050518389,0.3542657213276258,0.9059519191946444,0.9009634960387638,0.9764827762008709,0.9018383164416711,0.1273720360333609,0.8237242861369873,1
0.40983847810959406,0.9908013559459379,0.47228096432880107,0.5538360825022206,0.5297749152567985,0.3217370298582778,0.07502208889291817,0.8956512304019185,0.8026758125262868,0.13952678055966927,0
0.7767682713500729,0.62584666605061,0.4091437879176223,0.2540211490955627,0.8597287835022325,0.700188259294053,0.5477399094691369,0.6095685338984641,0.09106618208218098,0.4739197609111919,1
0.193700292785702,0.20838367900882537,0.6613039622868667,0.9112561518342881,0.40375661047834654,0.20774927301219037,0.6487469372366542,0.8711870463503177,0.7483188011224908,0.8687572305365872,1
0.5365546710107993,0.7518762443691909,0.14006455935893647,0.3482746153631915,0.38954916448152244,0.5112957462460346,0.9290763602568237,0.8742965602221743,0.13452549228918453,0.1727896518824632,0
